Skills,Count
python,662
java,601
c++,495
c,442
spark,244
swift,241
sql,233
objective-c,216
javascript,168
kubernetes,168
scala,165
linux,156
hadoop,155
kafka,146
unix,131
go,128
aws,127
cassandra,127
nosql,126
sap,109
macos,101
git,94
ci,89
shell,85
perl,83
oracle,79
cd,78
solr,75
ruby,73
docker,68
hive,68
ansible,67
bash,65
react,65
tensorflow,54
jenkins,50
chef,48
css,48
html,48
redis,48
tcp,47
puppet,46
pytorch,46
tableau,45
cocoa,42
splunk,40
r,40
uikit,39
gcp,38
azure,30
caching,30
networks,30
interface,30
looking,30
dedication,30
improving,30
independent,30
pressure,30
doing,30
translating,30
completion,30
balance,30
obsessively,29
private,29
hybrid,29
rapidly,29
validated,29
side,29
bonus,29
facing,29
skills;,29
clustering,29
xcode,29
designs,29
layer,29
mining,29
architect,29
simple,29
collaboratively,29
opengl,29
latency,29
7+,28
internals,28
xml,28
available,28
context,28
between,28
sqa,28
influencing,28
general,28
end-to-end,28
nr,28
commitment,28
changes,28
compliance,28
emerging,28
provinces,28
territories,28
skill,28
candidate,28
voice,28
flink,28
around,28
stacks,27
laser-focused,27
stores,27
opportunities,27
facilitate,27
transformation,27
depth,27
year,27
facilitation,27
meetings,27
status,27
setting,27
improvements,27
strategy,27
analytic,27
hdfs,27
talent,27
5g,27
do,27
maintenance,27
4,27
pipeline,27
way,27
broad,27
idea,27
multi-task,27
what,27
assurance,26
availability,26
history,26
questions,26
file,26
demonstrable,26
balancing,26
executives,26
nodejs,26
elastic,26
dedicated,26
leaders,26
line,26
learner,26
excel,26
international,26
has,26
knowledgeable,26
investigate,26
sensitive,26
results-oriented,26
accordingly,26
prioritizing,26
ranking,26
thorough,26
trends,26
risks,26
algebra,26
area,25
profiling,25
manual,25
face,25
x,25
either,25
varying,25
cpu,25
scripts,25
methodology,25
peers,25
past,25
comfort,25
tackle,25
command,25
jvm,25
cycles,25
these,25
executing,25
world,25
experimentation,25
math,25
toolkits,25
query,25
stay,25
huge,24
spinnaker,24
recovery,24
order,24
identifying,24
company,24
achieve,24
teradata,24
concise,24
reliability,24
decision,24
being,24
optimizing,24
individual,24
prototyping,24
layers,24
prioritization,24
action,24
player,24
retrieval,24
resolve,24
ensure,24
run,24
if,24
center,24
geometry,24
detail-oriented,23
clusters,23
volume,23
calm,23
need,23
travel,23
naturally,23
helpful,23
initiatives,23
range,23
candidates,23
dive,23
3gpp,23
leader,23
example,23
shown,23
datasets,23
cultural,23
hana,23
multithreaded,23
schedule,23
efforts,23
find,23
subscription,23
library,23
teammate,23
community,23
1,23
music,23
fundamental,22
disaster,22
set,22
automating,22
execution,22
enthusiasm,22
definition,22
top,22
causal,22
apple’s,22
anomaly,22
novel,22
recommendations,22
growth,22
emphasis,22
superb,22
challenging,22
etl,22
specific,22
ie,22
dependencies,22
distill,22
right,22
mandarin,22
better,22
visual,22
micro-services,22
formats,22
maintainable,22
commerce,22
propose,22
multi-threading,22
commercial,22
display,22
aspects,22
person,22
workload,22
oo,22
phonetic,22
messaging,21
root,21
css3,21
lucene,21
tradeoffs,21
training,21
discussions,21
audiences,21
mysql,21
bringing,21
hiring,21
configuring,21
deployments,21
simulation,21
airflow,21
warehousing,21
perform,21
base,21
testable,21
coaching,21
roles,21
payments,21
advocate,21
specifically,21
diagrams,21
assessing,21
demonstrating,21
speaker,21
online,21
asynchronous,21
responsible,20
containers,20
strongly,20
+,20
performing,20
simultaneously,20
apply,20
self-sufficient,20
technologies:,20
follow,20
generation,20
define,20
growing,20
matlab,20
minimal,20
initiative,20
consensus,20
vendors,20
ad,20
opportunity,20
confidence,20
05-Mar,20
clients,20
manner,20
structured,20
taking,20
include,20
server-side,20
respond,20
filing,20
works,20
cs,20
event,20
cause,19
computational,19
anticipate,19
understands,19
optimizations,19
essential,19
languages:,19
user-focused,19
c#,19
roadmaps,19
individuals,19
self-driven,19
mesos,19
beyond,19
high-level,19
ambiguous,19
meet,19
quick,19
think,19
contribute,19
integrating,19
capability,19
outside,19
mapreduce,19
servers,19
you're,19
uncertainty,19
group,19
electrical,19
linguistics,19
coverage,19
complete,18
concept,18
architectural,18
areas:,18
nice,18
proactively,18
inception,18
mentor,18
additional,18
reactjs,18
optimize,18
ideal,18
grpc,18
access,18
willing,18
s3,18
landscape,18
plan,18
tls,18
wide,18
enthusiastic,18
creation,18
comprehensive,18
vendor,18
non-blocking,18
health,18
edge,18
requests,18
tv,18
robotics,18
maven,18
latest,18
responsibility,18
see,18
stream,18
german,18
e-commerce,17
committed,17
deliverables,17
author,17
acute,17
iteration,17
script,17
presenting,17
high-performance,17
worked,17
flow,17
theory,17
10,17
throughout,17
important,17
boundaries,17
containerization,17
waterfall,17
progress,17
back,17
skills:,17
message,17
non-relational,17
full-stack,17
extract,17
operate,17
everyone,17
partnerships,17
assess,17
parallel,17
phenomenal,17
intelligence,17
innate,17
reviewing,17
optimally,17
tvos,17
sources,17
utilizing,17
recent,17
deploy,17
tool,17
modem,17
svn,17
sensor,17
coupled,17
io,17
bs,17
scheduling,17
less,17
concerns,17
most,17
required:,17
timelines,17
heavy,17
cisco,17
may,17
repeated,16
future,16
html5,16
excellence,16
thrives,16
reviews,16
hard,16
particularly,16
china,16
yarn,16
lab,16
bluetooth,16
physical,16
activities,16
data-driven,16
picture,16
which,16
ux,16
supply,16
fraud,16
keynote,16
repositories,16
npm,16
they,16
shipped,16
structure,16
silicon,16
communicator,16
authentication,16
virtual,16
j2ee,16
resources,16
several,16
requirement,16
sales,16
so,16
corrective,16
employees,16
js,16
preferable,16
innovate,16
months,16
games,16
box,16
assembly,15
android,15
windows,15
elasticsearch,15
against,15
issue,15
close,15
want,15
constraints,15
disparate,15
entire,15
postgresql,15
prometheus,15
instrumentation,15
accountable,15
continually,15
alerting,15
accessibility,15
those,15
generating,15
designers,15
towards,15
github,15
retail,15
dns,15
own,15
accuracy,15
negotiation,15
enjoys,15
belief,15
superior,15
developed,15
along,15
involving,15
elegant,15
complexity,15
points,15
ensuring,15
challenge,15
soa,15
you’re,15
game,15
articulate,15
presto,15
accurate,15
requires,15
controls,15
situations,15
align,15
low-level,15
mathematical,15
camera,15
evaluating,15
neural,15
credibility,15
multilingual,15
multicultural,15
pro-active,15
resource,15
hardworking,14
arm,14
sqls,14
task,14
evolving,14
short,14
safe,14
terraform,14
measurement,14
mentorship,14
postgres,14
data-querying,14
sdk,14
specification,14
druid,14
oozie,14
mission,14
genuine,14
regulations,14
engine,14
translate,14
outcomes,14
encryption,14
share,14
keras,14
case,14
store,14
codebases,14
leveraging,14
collection,14
enjoy,14
micro,14
reciprocal,14
objectives,14
frequent,14
sensing,14
articulating,14
mentality,14
state,14
logistics,14
ease,14
bugs,14
rendering,14
prototype,14
you’ve,14
ship,14
mechanical,14
same,14
cuda,14
end-user,14
types,14
vocabulary,14
s,14
producing,14
us,14
qe,13
log,13
deals,13
remains,13
workflow,13
jira,13
8,13
synchronization,13
finance,13
self-starting,13
sessions,13
motivating,13
engage,13
thought,13
django,13
integrations,13
stories,13
behind,13
map,13
reduce,13
machine-learned,13
virtualization,13
typescript,13
warehouse,13
chain,13
compiler,13
mitigation,13
policy,13
ec2,13
interactive,13
day,13
schema,13
flows,13
junior,13
profile,13
xctest,13
clojure,13
connect,13
analyses,13
interact,13
snowflake,13
unstructured,13
deal,13
education,13
multithreading,13
keeping,13
estimation,13
credit,13
ms,13
custom,13
someone,13
seeks,13
trust,13
inspire,13
*nix,13
function,13
soap,13
domains,13
switching,13
excited,13
millions,13
superset,13
ecc,13
localisation,13
literacy,13
cross-cultural,13
language's,13
sustained,13
period,13
curious:,13
orientated,13
forward,12
vuejs,12
cycles;,12
autonomously,12
answer,12
have:,12
rails,12
produce,12
takeaways,12
ecosystems,12
angularjs,12
signals,12
measure,12
via,12
particular,12
stratum,12
presentations,12
supervision,12
filter,12
stress,12
artificial,12
sdlc,12
finding,12
consumer-facing,12
together,12
built,12
master,12
clarity,12
sre,12
partnering,12
boot,12
directly,12
salt,12
dashboards,12
tech,12
vertica,12
sometimes,12
containerized,12
daemons,12
obj-c,12
insight,12
opencl,12
associated,12
account,12
mathematics,12
bgp,12
equipment,12
cms,12
selenium,12
desktop,12
long-term,12
logic,12
rf,12
expectations,12
crm,12
instruments,12
conducting,12
modules,12
meeting,12
processor,12
vulkan,12
provisioning,12
first,12
animation,12
french,12
contact,12
rust,11
queries,11
verification,11
tcl,11
analyzers,11
yrs,11
packages,11
multi-tier,11
terms,11
mandatory,11
clean,11
launch,11
constantly,11
governance,11
difference,11
business-focused,11
possesses,11
benefits,11
speed,11
certification,11
compilers,11
enabling,11
limited,11
reusable,11
amazing,11
navigating,11
legal,11
single,11
without,11
functionally,11
isolation,11
front,11
jupyter,11
document,11
care,11
synthesize,11
gather,11
confident,11
actionable,11
before,11
resilient,11
qualifications,11
synthesis,11
db,11
ssl,11
safety,11
firewalls,11
routing,11
sdks,11
academic,11
remote,11
act,11
analyst,11
present,11
normalization,11
consistency,11
consistently,11
paradigms,11
defects,11
traditional,11
supervising,11
scope,11
thoughtfully,11
troubleshoot,11
abap,11
deeply,11
open-source,11
style,11
easy,11
eg:,11
long,11
et,11
compression,10
breadth,10
confidently,10
grafana,10
scopes,10
watchos,10
usb,10
budget,10
medium,10
manufacturing,10
times,10
bi,10
7,10
grow,10
quantify,10
small,10
evaluate,10
comprehend,10
underlying,10
intuition,10
track-record,10
pig,10
simulations,10
no,10
logging,10
back-end,10
path,10
triaging,10
internship,10
authority,10
you'll,10
amp,10
persistent,10
world-class,10
extremely,10
popular,10
implementations,10
sharing,10
identity,10
globally,10
site,10
gathering,10
established,10
rabbitmq,10
middleware,10
conduct,10
represent,10
speak,10
art,10
sass,10
combined,10
movies,10
testng,10
ready,10
informal,10
entity,10
card,10
no-sql,10
continuously,10
classifiers,10
tdd,10
portfolio,10
photography,10
motion,10
vulnerabilities,10
done,10
entertainment,10
comparable,10
sd,10
streams,10
positively,10
interpreting,10
modelling,10
form,10
raise,10
human,10
speaking,10
bases,10
translations,10
format,10
infrastructure-as-code,10
incident,10
publication,10
letting,10
cache,10
believe,10
negotiating,10
12,10
join,10
mt,10
failure,10
dependency,10
state-of-the-art,10
text-to-speech,10
directx,10
de,10
directing,9
versed,9
extended,9
findings,9
develops,9
maintains,9
asset,9
frontend,9
distilling,9
cutting,9
experimental,9
localization,9
interacting,9
push,9
rich,9
ims,9
wifi,9
avfoundation,9
recruiting,9
enable,9
customer-facing,9
umts,9
regulatory,9
daily,9
revenue,9
massive,9
pyspark,9
udp,9
excitement,9
given,9
inspiring,9
technically,9
norwegian,9
intuitive,9
region,9
scenarios,9
recommend,9
events,9
sparksql,9
often,9
tolerance,9
aggressive,9
qos,9
empower,9
foundational,9
gcd,9
cloud-native,9
exciting,9
nagios,9
guidance,9
balancers,9
agility,9
bring-up,9
arrive,9
inference,9
clarification,9
series,9
subscriptions,9
d3,9
launching,9
financial,9
internally,9
externally,9
representing,9
user-facing,9
includes,9
junit,9
wireshark,9
get,9
dutch,9
third-party,9
ember,9
arabic,9
demeanor,9
integrated,9
async,9
rather,9
mission-critical,9
adobe,9
just,9
local,9
thoughtful,9
inside,9
ethic,9
every,9
jvm-based,9
rtos,9
dimensional,9
prevention,9
early,9
stage,9
web-based,9
command-line,9
:,9
ecommerce,9
zookeeper,9
regions,9
swedish,9
party,9
provider,9
synthesizing,9
perfect”,9
enemy,9
good”,9
humble,9
operation,9
compiled,9
remediation,9
table,9
providers,9
term,9
confidential,9
come,9
pronunciation,9
notation,9
ipa,9
sampa,9
cmu,9
recording,9
corpora,9
prosodic,9
correct,8
conflict,8
cluster,8
report,8
necessary,8
qualification,8
codebase,8
throughput,8
sharp,8
pcie,8
programmer,8
composure,8
initiates,8
competing,8
evaluations,8
fault,8
afraid,8
ask,8
inform,8
15+,8
hbase,8
theoretical,8
pursue,8
carrier,8
i2c,8
spi,8
protobuf,8
sustainable,8
4g,8
next,8
graph,8
modify,8
well-tested,8
re-engineering,8
little,8
anticipating,8
flume,8
thread,8
page,8
b2b,8
erp,8
threat,8
pki,8
integrate,8
fixing,8
third,8
participate,8
sizes,8
yet,8
size,8
values,8
deadline,8
storm,8
firewall,8
orchestrating,8
vs,8
listen,8
phd,8
threading,8
authorization,8
regional,8
conclusions,8
mapping,8
unix-based,8
parquet,8
runtime,8
php,8
adept,8
suite,8
vr,8
ar,8
systematic,8
event-driven,8
pull,8
starter,8
jquery,8
down,8
expertly,8
experiment,8
confirmed,8
roadmap,8
consuming,8
participating,8
indexing,8
transform,8
workloads,8
eagerness,8
gradle,8
seeking,8
documenting,8
touch,8
fusion,8
annotation,8
pick,8
nas,8
plane,8
pci,8
replication,8
you've,8
eager,8
assumptions,8
empathy,8
pragmatic,8
forge,8
tailor,8
discipline,8
google,8
obsession,8
larger,8
uptime,8
rapport,8
engaging,8
mm,8
beneficial,8
leverage,8
cut,8
investigations,8
advantageous,8
view,8
10-May,8
cloudkit,8
courses,8
adjust,8
configure,8
tune,8
highest,8
sdl,8
trados,8
properly,8
presence,8
scm,8
microservice,8
completing,8
incorporate,8
relentless,8
always,8
why”,8
what”,8
poised,8
self-awareness,8
possessing,8
tomcat,8
advance,8
full-time,8
companies,8
having,8
drives,8
color,8
brainstorm,8
guidelines,8
voldemort,8
danish,8
here,8
des,8
considerations,7
configurations,7
rdbms,7
multi,7
trade-offs,7
logs,7
two,7
useful,7
high-volume,7
service-oriented,7
distribution,7
corporate,7
off,7
contract,7
shifting,7
demands,7
multivariate,7
give,7
effect,7
spanning,7
carriers,7
resolving,7
read,7
schematics,7
rigorous,7
ipados,7
guiding,7
selection,7
5g-nr,7
numerous,7
objects,7
iso,7
optimal,7
in:,7
require,7
owning,7
intensive,7
dig,7
test-driven,7
takes,7
including:,7
involved,7
soft,7
distributions,7
diagnostic,7
potential,7
electronic,7
assignments,7
appkit,7
accurately,7
emr,7
thousands,7
jobs,7
partnership,7
above,7
friendly,7
traffic,7
system-level,7
cryptographic,7
socialize,7
scratch,7
vue,7
mvc,7
spaces,7
eks,7
utilization,7
hibernate,7
brand,7
predictive,7
differences,7
coordinating,7
resolutions,7
sampling,7
qualitative,7
something,7
etc…,7
console,7
helping,7
express,7
nginx,7
memcached,7
whilst,7
buffers,7
forth,7
layered,7
separation,7
pc,7
i,7
o,7
communicates,7
addition,7
h264,7
emv,7
easily,7
awareness,7
country,7
adapting,7
mixins,7
partials,7
gdpr,7
japanese,7
jtag,7
beautiful,7
budgeting,7
each,7
interpret,7
contributing,7
internet-scale,7
r&d,7
live,7
oscilloscopes,7
despite,7
roadblocks,7
specialized,7
weeks,7
colleagues,7
turning,7
primary,7
post-production,7
evidence,7
slam,7
multi-view,7
stereo,7
eai,7
leads,7
amidst,7
productivity,7
kanban,7
fiori,7
delivered,7
sip,7
rule,7
nfc,7
jetty,7
tackling,7
benefit,7
interdependencies,7
acumen,7
matrixed,7
activity,7
researching,7
offerings,7
gateway,7
merging,7
black,7
aligned,7
knowledgable,7
rules,7
scikit-learn,7
spanish,7
objective-,7
discretion,7
board,7
finnish,7
professionalism,7
conversational,7
numerical,7
surface,7
self-directed:,7
user-focused:,7
organisation,7
graduates,7
hebrew,7
proxy,6
methodical,6
migration,6
setups,6
algorithmic,6
graphql,6
interfacing,6
preference,6
visualizations,6
emulation,6
expect,6
suites,6
6,6
setup,6
package,6
subsystems,6
establishing,6
releases,6
saas,6
mind,6
keep,6
coach,6
markets,6
gpus,6
optimized,6
schedulers,6
https,6
as:,6
rigor,6
self-improvement,6
amounts,6
phase,6
accounting,6
self-service,6
enforcing,6
pixel-perfect,6
responsive,6
offshore,6
decision-making,6
goal-oriented,6
backgrounds,6
pos,6
versioning,6
fit,6
multitask,6
been,6
options,6
time-critical,6
querying,6
repetitive,6
informed,6
vital,6
esp,6
relate,6
observed,6
behaviors,6
closure,6
packet,6
updates,6
3-5+,6
hire,6
10’s,6
infrastructures,6
stakeholder,6
jni,6
impacts,6
actively,6
phone,6
stateless,6
reactive,6
graphite,6
critically,6
channel,6
email,6
demanding,6
impactful,6
train,6
draw,6
avro,6
redshift,6
real-world,6
05-Apr,6
terminal,6
visually,6
calls,6
web-services,6
forms,6
webpack,6
ever-changing,6
achievement,6
sports,6
formulate,6
econometrics,6
extending,6
typing,6
amazon,6
functionality,6
direct3d,6
documents,6
gray,6
debt,6
eventual,6
generate,6
agencies,6
consisting,6
matrix,6
releasing,6
modular,6
client-server,6
we’d,6
relating,6
method,6
geographically,6
purpose,6
swiftui,6
inclusive,6
kubeflow,6
methodologies:,6
maker,6
microsoft,6
prototypes,6
self-motivation,6
isp,6
units,6
team-based,6
objc,6
stringent,6
distractions,6
ggplot,6
channels,6
ipv6,6
centralized,6
stages,6
secondary,6
spectrum,6
competent,6
probability,6
arkit,6
time-series,6
dsp,6
competence,6
satisfaction,6
facilitating,6
rolling,6
dealing,6
still,6
24,6
beam,6
iceberg,6
agency,6
organize,6
bayesian,6
amid,6
pragmatic:,6
extraction,6
multi-sensor,6
scientific,6
respect,6
productive,6
timeline,6
publications,6
contributor,6
forecasting,6
physics,6
guide,6
experience:,6
resourceful,6
advantage:,6
specs,6
processors,6
api’s,6
alignment,6
authoring,6
akka,6
fresh,6
much,6
breakdown,6
years’,6
developer-facing,6
1,6
computer-graphics,6
balancer,5
clouds,5
logical,5
w,5
pre-silicon,5
verilog,5
si,5
stretch,5
usable,5
shore,5
procurement,5
audit,5
motivate,5
norm,5
dr,5
career,5
tolerant,5
iterative,5
effort,5
energy,5
developments,5
toolchains,5
branching,5
enthusiastically,5
involve,5
studies,5
uart,5
understandable,5
multi-disciplinary,5
ieee,5
examples,5
is&t,5
team’s,5
validating,5
timezones,5
predictability,5
playback,5
thai,5
edi,5
validate,5
trouble,5
diagnose,5
unit-tests,5
securing,5
mastery,5
news,5
unusual,5
rest-style,5
obj,5
day-to-day,5
basis,5
parties,5
data-oriented,5
adaptive,5
traces,5
rates,5
anomalies,5
oop,5
arise,5
highly-motivated,5
incidents,5
during,5
there,5
evolution,5
language:,5
azkaban,5
consulting,5
expected,5
had,5
tangible,5
measurements,5
go-to-market,5
coordinate,5
below,5
tools:,5
machines,5
peripherals,5
organisational,5
achievements,5
queues,5
measuring,5
engagement,5
covering,5
shows,5
threats,5
concurrently,5
spatial,5
fidelity,5
transformations,5
condense,5
disciplines,5
ones,5
competency,5
like:,5
peer,5
sockets,5
on-device,5
ipc,5
scientist,5
sql-based,5
evangelize,5
makers,5
conversion,5
usability,5
break,5
personalization,5
c-suite,5
visions,5
ab,5
notebooks,5
ajax,5
conflicts,5
sqs,5
creatively,5
staff,5
higher,5
multifaceted,5
flemish,5
teach,5
ecmp,5
generalist,5
structuring,5
english-speaking,5
motivation,5
informing,5
systems’,5
ttcn-3,5
only,5
sox,5
cultures,5
disciplined,5
objectivec,5
block,5
twice,5
graphic,5
strategically,5
intimate,5
multitasking,5
assessment,5
teamcity,5
helm,5
nomad,5
orchestrated,5
observability,5
conditions,5
appropriately,5
contractors,5
comfortably,5
can-do,5
strength,5
office,5
compelling,5
builds,5
premise,5
turkish,5
plm,5
explore,5
theories,5
standards:,5
hevc,5
federated,5
ingestion,5
makes,5
lives,5
elements,5
presentational,5
collect,5
constructive,5
member,5
analyse,5
serve,5
coordination,5
juniper,5
reconstruction,5
is-retail,5
certified,5
phy,5
non,5
formal,5
initiate,5
pair,5
cameras,5
film,5
torch,5
caffe,5
type,5
shopping,5
fields:,5
portuguese,5
choices,5
hurdles,5
number,5
drawing,5
raw,5
refined,5
ideation,5
bias,5
osx,5
address,5
savvy,5
servicing,5
advertisers,5
non-sap,5
concern,5
date,5
inspired,5
removing,5
classical,5
conversant,5
tenacious,5
determined,5
seeing,5
involvement,5
errors,5
penetration,5
defined,5
reaching,5
imaginative,5
aware,5
settings,5
xpc,5
point,5
teammates,5
strive,5
indirectly,5
perfection,5
on-call,5
rotation,5
generates,5
filtering,5
wisely,5
sensors,5
acl,5
auditing,5
controller,5
sirikit,5
storekit,5
cross-process,5
contributions,5
refine,5
bpc,5
white,5
defect,5
80211,5
offer,5
feet,5
readable,5
toward,5
realtime,5
telephony,5
datastores,5
accredited,5
multi-core,5
mesh,5
calendar,5
iec,5
corefoundation,5
multi-site,5
inbound,5
prioritizes,5
observations,5
exceeding,5
communities,5
dependent,5
phonetics,5
phases,5
pandas,5
study,5
filesystems,5
three,5
pages,5
diagnosing,5
fosters,5
alike,5
webdriver,5
pl,5
experienced:,5
resourceful:,5
collaborative:,5
parallelism,5
useful:,5
fraud-detection,5
preparing,5
on-time,5
practice,5
jboss,5
latency-critical,5
24-Jul,5
departments,5
utilize,5
multi-tasking,5
swiss,5
high-end,5
connaissance,5
of:,4
commercialization,4
net,4
continuity,4
19c,4
energizing,4
08-May,4
pcb,4
allocation,4
maintained,4
velocity,4
concentration,4
ex:-,4
conception,4
api's,4
pulumi,4
smart,4
resourcefulness,4
prepared,4
employing,4
editorial,4
greater,4
solution-oriented,4
conceive,4
scripted,4
authoritatively,4
cross-component,4
coreanimation,4
managerial,4
rlc,4
lifetime,4
radio,4
differential,4
exposures,4
enhance,4
bodies,4
initial,4
asr,4
fleet,4
utilities,4
couchbase,4
flex,4
bigger,4
spent,4
quality;,4
outlined,4
"""additional",4
"requirements""",4
korean,4
apac,4
node,4
inventory,4
thinks,4
collaborates,4
discover,4
enforce,4
owasp,4
symmetric,4
asymmetric,4
competitive,4
tables,4
pertains,4
grey,4
periods,4
obscene,4
serialization,4
re-architect,4
expansive,4
transitioning,4
don’t,4
nrt,4
regress,4
grunt,4
apple's,4
stability,4
production-quality,4
sample,4
cleanly,4
summarize,4
nodes,4
sla,4
corresponding,4
garbage,4
analysts,4
owner,4
contributors,4
budgets,4
crypto,4
org,4
pace,4
uis,4
iam,4
onsite,4
coordinates,4
productizing,4
second,4
attain,4
aggregation,4
unsupervised,4
supervised,4
businesses,4
demand,4
administering,4
embrace,4
probabilistic,4
reinforcement,4
bsd,4
quic,4
ott,4
adoption,4
oauth,4
simplify,4
co-workers,4
inquisitiveness,4
continued,4
mechanisms,4
ambitious,4
metrics-driven,4
respectful,4
recommendation,4
graphical,4
prioritisation,4
selling,4
launches,4
specialist,4
user-experience,4
git;,4
security;,4
sniffer,4
tcpdump,4
russian,4
constrained,4
predicting,4
metric-driven,4
importantly,4
threads,4
hlsl,4
assets,4
softwares,4
personnel,4
sites,4
start,4
yaml,4
diversity,4
datacenter,4
bpm,4
installation,4
artifactory,4
target,4
suggest,4
mitigations,4
hspa,4
hspa+,4
conforming,4
relevantetsi,4
privacy-preserving,4
scare,4
another,4
consideration,4
concisely,4
exploitation,4
multi-modal,4
facets,4
input,4
patient,4
yup,4
operationally,4
manipulation,4
high-availability,4
responds,4
facilities,4
fire,4
cross-team,4
cucumber,4
certificates,4
agreements,4
exploits,4
discuss,4
internationally,4
total,4
hpc,4
extend,4
loads,4
routine,4
millisecond,4
counts,4
pii,4
we’re,4
mpp,4
getting-things-done,4
nature,4
convey,4
optics,4
imaging,4
av1,4
vvc,4
acceleration,4
interested,4
conflicting,4
years',4
matching,4
legacy,4
final,4
perception,4
mainstream,4
bonus:,4
pride,4
proactive;,4
capabilities;,4
step,4
asian,4
error,4
key-value,4
prioritise,4
ipv4,4
controllers,4
preferred:,4
calibration,4
oem,4
cash,4
gts,4
end-point,4
cross-platform,4
due,4
college,4
unreal,4
goal,4
serving,4
accomplish,4
that’s,4
execs,4
organizing,4
low-latency,4
credible,4
high-performing,4
principal,4
accessible,4
seo,4
pms,4
executive-level,4
promise,4
imu,4
optical,4
added,4
advice,4
bottlenecks,4
assist,4
multi-team,4
mitigate,4
cucm,4
fix,4
monitor,4
decision-maker,4
managed,4
judgement,4
registration,4
succeed,4
repair,4
firm,4
fruition,4
discern,4
ethernet,4
effects,4
supports,4
auction,4
truly,4
construction,4
platforms:,4
implications,4
brainstorming,4
simultaneous,4
directors,4
combine,4
ranging,4
multidisciplinary,4
perforce,4
delightful,4
refining,4
roadmapping,4
gsm,4
chipset,4
protecting,4
principle,4
fi,4
dialog,4
topic,4
arithmetic,4
versus,4
lifecycles,4
08-Jun,4
3rd,4
appreciate,4
corners,4
devise,4
variance,4
failures,4
apo,4
dp,4
walkthrough,4
macros,4
even,4
per,4
queuing,4
tree,4
cloud-based,4
gaap,4
appium,4
s4,4
in-memory,4
couchdb,4
safety-critical,4
alerts,4
principals,4
kaldi,4
cvpr,4
dynamodb,4
priority,4
relationship-building,4
fierce,4
specialists,4
merchant,4
acquiring,4
mass,4
mocking,4
computation,4
acquisition,4
bachelors,4
ce,4
ece,4
eecs,4
span,4
element,4
administrative,4
mail,4
sqoop,4
ansi,4
correlation,4
dba,4
ha,4
backup,4
exploratory,4
qualities,4
reproduce,4
cross-function,4
economics,4
gpgpu,4
thunderbolt,4
crew,4
full-scale,4
productions,4
casting,4
houses,4
california,4
possibly,4
alphabets,4
vernacular,4
sprints,4
retrospectives,4
issue-tracking,4
tag-based,4
markup,4
branches;,4
requests;,4
breaking,4
order-to-cash,4
visits,4
you’ll,4
lldb,4
hear,4
experts,4
novices,4
staying,4
conferences,4
engineered,4
ee,4
dispersed,4
out-of-the-box,4
elk,4
numpy,4
automatic,4
gaining,4
multi-tiered,4
craft,4
merchants,4
electronics,4
rare,4
autonomous,4
hudi,4
cat,4
deductive,3
charles,3
fsfo,3
scaler,3
golden,3
gate,3
dump,3
veridata,3
vector,3
utmost,3
d3js,3
loves,3
bugzilla,3
qualifying,3
systemverilog,3
compilation,3
packaging,3
thermal,3
extensible,3
turnaround,3
exhibits,3
accountability,3
once,3
attracting,3
devsecops,3
chaos,3
honest,3
constant,3
music’s,3
science:,3
relations,3
persuasive,3
flask,3
fault-tolerant,3
rpc,3
ray,3
portal,3
dashboard,3
phones,3
3g,3
2g,3
volte,3
stable,3
appreciation,3
coregraphics,3
data-informed,3
shaping,3
powered,3
speech-enabled,3
impact-fully,3
weave,3
pdcp,3
non-access,3
80211ax,3
80211ad,3
participation,3
post,3
visualizing,3
bigdata,3
compatible,3
recognized,3
oems,3
es6,3
clock,3
focussed,3
auditors,3
pmp,3
hosted,3
organised,3
jest,3
ftp,3
exercise,3
subject,3
relative,3
corner,3
unfamiliar,3
knows,3
insatiable,3
static,3
sonarqube,3
criticality,3
incredibly,3
addict,3
pop-culture,3
slangs,3
controversial,3
involves,3
near,3
carry,3
interrelationships,3
diagnosis,3
redux,3
ongoing,3
recognize,3
evolve,3
hls,3
buffering,3
pcm,3
diligent,3
exemplary,3
proposals,3
user-interface,3
clarify,3
petabytes,3
dev,3
inter-process,3
result,3
impala,3
06-Apr,3
ldap,3
directory,3
quo,3
recommended,3
cad,3
lot,3
zabbix,3
multi-process,3
with:,3
maintainability,3
self-direction,3
databases:,3
lambda,3
remotely,3
opposing,3
transactional,3
solace,3
crucial,3
fundamentals;,3
empirical,3
mine,3
multinational,3
zone,3
charging,3
imagery,3
lidar,3
limitations,3
bandits,3
vague,3
concrete,3
definitions,3
appetite,3
master's,3
ipsec,3
transports,3
sqlite,3
d3d,3
technologies;,3
overcome,3
complexities,3
fluidly,3
instincts,3
mocha,3
discovery,3
increasing,3
metadata,3
television,3
spreadsheet,3
c++11,3
styles,3
frameworks;,3
certifications,3
data-mining,3
encourage,3
rds,3
athena,3
sagemaker,3
battery,3
disk,3
glsl,3
shaders,3
obsessive,3
iso14443,3
crisis,3
finish,3
forward-thinking,3
guides,3
in-person,3
accept,3
24x7,3
agent,3
host,3
ofttcn-3,3
regulation,3
high-paced,3
reduction,3
ended,3
jmeter,3
refactoring,3
streamlined,3
boost,3
asio,3
asyncio,3
coroutines,3
got,3
envoy,3
haproxy,3
debate,3
doesn’t,3
yourself,3
delight,3
auditor,3
linguistic,3
weak,3
dbs,3
hyper,3
osha,3
plumbing,3
professionals,3
follows,3
comprising,3
multi-year,3
five,3
soapui,3
fail,3
enablement,3
interviewing,3
assessments,3
measurable,3
sees,3
detailing,3
capture,3
administrating,3
fast-to-market,3
maps,3
hci,3
remaining,3
simd,3
operators,3
newsql,3
easy-to-understand,3
cnn,3
optional,3
daemon,3
causality,3
robotic,3
preferable:,3
productization,3
high-throughput,3
surveying,3
product-focused,3
grade,3
re-usable,3
saudi,3
arabian,3
user-level,3
verifying,3
directed,3
backbone,3
statements,3
skillsets,3
retaining,3
srx,3
team-oriented,3
resource-constrained,3
servicenow,3
module,3
profound,3
salesforce,3
ground,3
b2c,3
wire,3
sdap,3
-10,3
plus:,3
plusknowledge,3
vulnerability,3
coreml,3
unity,3
multimodal,3
subjective,3
aem,3
memcache,3
show,3
supervise,3
whether,3
publishing,3
posix,3
brazilian,3
run-time,3
characteristics,3
trade-off,3
remove,3
easy-to-read,3
easy-to-maintain,3
customer-focused,3
eclipse,3
update,3
segments,3
odata,3
2d,3
discussion,3
investigating,3
xsa,3
ui5,3
offline,3
trees,3
continuing,3
eliminating,3
conference,3
uc,3
telepresence,3
getting,3
transparency,3
qualifications:,3
editing,3
highly-skilled,3
brokers,3
aes,3
nist,3
javacard,3
bus,3
noise,3
web-scale,3
innovating,3
adhering,3
commissioning,3
voltage,3
protection,3
visibility,3
fun,3
led,3
sr,3
sets;,3
humility,3
typed,3
picking,3
abstract,3
segmentation,3
rollback,3
scene,3
combination,3
deep-learning,3
wearables,3
varied,3
multi-thread,3
flexibly,3
negotiate,3
ten,3
accomplished,3
instrument,3
catching,3
because,3
wrote,3
awesome,3
4hana,3
assigned,3
hdr,3
floating,3
es,3
netty,3
cvml,3
viable,3
pub,3
sub,3
wear,3
contracts,3
functionalities,3
edam,3
pim,3
detail-focused,3
discernment,3
stitch,3
divisions,3
foresight,3
standards;,3
independently;,3
fostering,3
become,3
shading,3
look,3
outputs,3
session,3
implemented,3
itil,3
published,3
laser-focus,3
caches,3
studying,3
modes,3
consolidating,3
proficiencies,3
forming,3
located,3
5+years,3
charlesproxy,3
prevent,3
materials,3
items,3
last,3
co,3
incomplete,3
ops,3
xcuitest,3
kpi’s,3
le,3
logistic,3
75,3
systems:,3
61508,3
62304,3
scipy,3
icml,3
sns,3
runtimes,3
feel,3
singular,3
tried,3
financing,3
directional,3
moving,3
system-on-chip,3
post-silicon,3
package:,3
bsp,3
personality,3
re-usability,3
relates,3
attainable,3
reflective,3
sketching,3
mature,3
means,3
win,3
we're,3
toolchain,3
unique,3
gaming,3
life-cycles,3
debuggers,3
porting,3
transaction,3
tracing,3
visionary,3
ahead,3
analyzer,3
vfx,3
proposing,3
desired:,3
user-centered,3
well-versed,3
integrity;,3
exploring,3
canadian,3
hypothesis,3
formation,3
generous,3
centricity,3
industries,3
underlaying,3
surprise,3
injection,3
attacks,3
hundreds,3
wlan,3
generator,3
folks,3
hoc,3
roll,3
gce,3
collaboration:,3
transport,3
bandwidth,3
2-5+,3
mandarin-chinese,3
11,3
systems;,3
automotive,3
simulink,3
among,3
fulfilment,3
plugins,3
al,3
considered,3
ramp,3
rooting,3
bottle-necks,3
haven’t,3
paying,3
almost,3
wins,3
hold,3
transactions,3
---,3
bar,3
play,3
benchmarking,3
commonly,3
stream-processing,3
spark-streaming,3
microservice-based,3
allow,3
reliably,3
exercises,3
location,3
wellness,3
admin-level,3
differentiates,3
energetic,3
multi-discipline,3
preferred;,3
pointers,3
semi-structured,3
earned,3
frames,3
olap,3
juggle,3
class,3
portable,3
diagnosable,3
staging,3
characterization,3
absorb,3
cdns,3
hcm,3
hw-sw,3
fw,3
voip,3
grand,3
central,3
dispatch,3
life-long,3
iterations,3
spmi,3
analog,3
consultative,3
hdmi,3
editors,3
tool-chains,3
advantages,3
sfm,3
requirements:,3
discrete,3
paiement,3
bonne,3
en,3
demo,3
tablet,2
locations,2
3~5,2
dataguard,2
rac,2
18c,2
primitives,2
instruction,2
exemplifying,2
listed,2
palladium,2
veloce,2
zebu,2
as;,2
makefile,2
life-cycle,2
cadence,2
ic,2
pi,2
sprint,2
di,2
usb4,2
scheduler,2
mtd,2
exercising,2
ported,2
license,2
licensing,2
capex,2
opex,2
self-learning,2
capturing,2
bare,2
instrumenting,2
cupertino,2
04-Mar,2
es2015+,2
proper,2
best-in-class,2
quality-minded,2
patching,2
on-premises,2
mongo,2
receive,2
hi-tech,2
saving,2
remarkable,2
listener,2
party’s,2
data-storage,2
client-side,2
maximum,2
cmake,2
calling,2
criteria,2
multi-functionally,2
peripheral,2
smbus,2
dumps,2
coredata,2
layouts,2
researchers,2
link,2
ns3,2
5gmm,2
emm,2
5gsm,2
esm,2
plmn,2
layer-2,2
fast-growing,2
arrangements,2
essbase,2
flawless,2
importance,2
possible,2
outcome,2
mllib,2
leveraged,2
provision,2
promoting,2
centos,2
config,2
revision,2
work-streams,2
odm,2
flux-based,2
templating,2
mustache,2
jsx,2
cross-browser,2
isomorphic,2
regulated,2
multi-million,2
dollar,2
osi,2
solves,2
telemetry,2
verbally,2
zones,2
15-Aug,2
shop,2
floor,2
2nd-level,2
escalated,2
tickets,2
dates,2
typically,2
logically,2
obstacles,2
sdet,2
detail:,2
object-c,2
hardening,2
zap,2
asn1,2
thoroughness,2
enforcement,2
team-orientation,2
temporary,2
multi-step,2
factors,2
pointer-based,2
hiveql,2
intellij,2
grid,2
mock,2
endpoints,2
shells,2
polyglot,2
closures,2
delighting,2
ear,2
standout,2
colleague,2
escalate,2
humans,2
tie,2
router,2
leq,2
cell,2
views,2
upf,2
positioned,2
dev-ops,2
sensu,2
lacking,2
resident,2
properties,2
description,2
contexts,2
call,2
emulators,2
scoping,2
samples,2
positioning,2
autonomy,2
svelte,2
multi-,2
tier,2
user-centric,2
client-service,2
testability,2
readability,2
multi-faceted,2
patience,2
casandra,2
autosys,2
dremio,2
acls,2
desk,2
on-premise,2
visualisation,2
spin,2
high-energy,2
expert-level,2
marketplaces,2
geospatial,2
micro-controller,2
include:,2
02-Jan,2
visionexperience,2
relevance,2
survey,2
expand,2
know-how,2
springboot,2
subnetting,2
3–5,2
why,2
runs,2
blackbox,2
including;,2
http2,2
uwb,2
assembler,2
released,2
gnss,2
high-pressure,2
inherent,2
visx,2
vega,2
high-impact,2
website,2
atmosphere,2
learned,2
streamlining,2
cool,2
optimise,2
later,2
story,2
telling,2
authoritative,2
promote,2
demonstration,2
crawling,2
preventing,2
knowledge:,2
sso,2
saml,2
entity-relationship,2
up-to-date,2
humor,2
dynamo,2
elb,2
streaming-processing,2
shader,2
cvs,2
mpeg4,2
isolating,2
publicity,2
aspera,2
applet,2
vice,2
versa,2
“docs-as-code”,2
lets,2
markdown,2
interactions,2
data-intensive,2
hyperion,2
upgrade,2
kind,2
serverless,2
weekends,2
notice,2
racking,2
15-Oct,2
ide,2
consult,2
socket,2
groovy,2
emergent,2
sdn,2
scaleable,2
l4,2
l7,2
proxies,2
vigorous,2
strategist,2
rrc,2
etsi,2
digital-media,2
data-related,2
petabyte,2
sketch,2
illustration,2
opinions,2
pivot,2
fully,2
arts,2
audits,2
evangelizing,2
consensus-building,2
strict,2
lexicon,2
careful,2
imperative,2
eco,2
nfpa70e,2
pertain,2
centers,2
preventative,2
high-risk,2
high-reliability,2
regularly,2
inspects,2
supervises,2
too,2
irregular,2
malfunctioning,2
emergency,2
repairs,2
drawings,2
federal,2
steering,2
behavior,2
proud,2
encouraging,2
malware,2
employ,2
off-shore,2
supervisory,2
non-exempt,2
workforce,2
cohort,2
quantities,2
supercomputing,2
alternatively,2
fairshare,2
preemption,2
onshore,2
feasibility,2
succinct,2
summaries,2
complicated,2
matters,2
etc;,2
iso-8583,2
containerised,2
singlestore,2
codec,2
pixel,2
vp9,2
array,2
maturity,2
toolkit,2
spreadsheets,2
proving,2
viability,2
constituents,2
opa,2
produced,2
productively,2
seamlessly,2
ex,2
lerna,2
applications;,2
devtools,2
bilingual,2
flowcharts,2
cmps,2
mmps,2
unlock,2
learning;,2
semi-supervised,2
adaptation,2
ospf,2
lan,2
wan,2
shifts,2
15,2
operationalizing,2
follow-up,2
follow-through,2
specify,2
shooting,2
race,2
k8s,2
jump,2
rgb-d,2
billing,2
loans,2
transfer,2
fulfillment,2
experience;,2
60,2
configurator,2
architects,2
delegate,2
workday,2
question,2
highly-scalable,2
pop,2
c-based,2
perspective,2
duties,2
mitigating,2
scenekit,2
investments,2
jcr,2
oak,2
osgi,2
sling,2
msm,2
dispatcher,2
hudson,2
chefbeen,2
swarm,2
seen,2
hashicorp,2
consul,2
vault,2
contacts,2
activate,2
planners,2
03-Feb,2
self-motivated;,2
exceed,2
together at,2
greatest,2
talented,2
swe,2
open-minded,2
development;,2
multi-location,2
fault-tolerance,2
orientation,2
consists,2
loki,2
behalf,2
regular,2
spotless,2
organization;,2
preserving,2
spam,2
earlier,2
stibo,2
bulk,2
web-ui,2
binds,2
studio,2
encourages,2
substance,2
recognizing,2
uncomfortable,2
negotiator,2
prepares,2
pivoting,2
peak,2
cohesive,2
em,2
sufficient,2
escalation,2
counterparts,2
responding,2
retrospective,2
enabled,2
tms,2
vsphere,2
webex,2
conferencing,2
dirty,2
robustness,2
arista,2
ensures,2
identifies,2
responsible:,2
data-based,2
weigh,2
concepts;,2
branch,2
quip,2
open-ended,2
uefi,2
supported,2
onboarding,2
reusability,2
multiple-view,2
point-cloud,2
foundations,2
rsa,2
globalplatform,2
special,2
prefer,2
fscm,2
scoring,2
heterogenous,2
landscapes,2
multi-vendor,2
geos,2
reality,2
baseband,2
sleep,2
wake,2
weaknesses,2
nfs,2
compositing,2
xss,2
csrf,2
players,2
bms,2
epms,2
cooling,2
pmo,2
geographic,2
connectivity,2
know:,2
enthusiast,2
oob,2
communicative,2
played,2
delivery;,2
sustainability,2
exude,2
vps,2
svps,2
geographical,2
expressing,2
route,2
wider,2
distinguish,2
interdependently,2
personally,2
requiring,2
100+,2
team-building,2
draft,2
mfc,2
winfx,2
nurtures,2
domains:,2
webservices,2
adjacent,2
nurturing,2
material,2
example:,2
5~10,2
ddr,2
valuable,2
cycle:,2
sunset,2
v1,2
diplomacy,2
presented,2
3gpp2,2
signaling,2
lte-fdd,2
lte-tdd,2
2nd,2
urllc,2
v2x,2
cellphones,2
early-stage,2
coder,2
well-founded,2
exposing,2
files,2
japan,2
wcdma,2
contrast,2
brightness,2
wcg,2
ca,2
websockets,2
specialties,2
expediting,2
matter,2
hats,2
whatever,2
introduction,2
headcount,2
sm,2
pricing,2
careers,2
broader,2
forecasts,2
telecoms,2
association,2
houdini,2
controlling,2
timing,2
dataset,2
leak,2
checking,2
wm,2
lengths,2
cultivate,2
labeling,2
suggestions,2
elemental,2
encoder,2
tdm,2
pbx,2
border,2
acme,2
sbc,2
summarising,2
proposal,2
spread,2
snp,2
x7,2
learning:,2
fairness,2
explaining,2
reproducing,2
undertaking,2
agenda,2
ads,2
chilean,2
failover,2
contagious,2
cost,2
transition,2
try,2
relation,2
powering,2
simulate,2
diving,2
cpus,2
tensor,2
netherlands,2
comprised,2
sidelink,2
policies,2
manufacturers,2
spark-sql,2
mr2,2
ingest,2
feed,2
near-realtime,2
data-modeling,2
data-architecture,2
hosts,2
dcs,2
minute,2
domestic,2
r2r,2
p2p,2
o2c,2
ifrs,2
statutory,2
adjustments,2
taxation,2
vertex,2
tax,2
satisfied,2
convenient,2
answers;,2
in-house,2
producer,2
alone,2
judgment;,2
impediment,2
alliances,2
malay,2
versions,2
consolidation,2
user-experiences,2
motor,2
actuators,2
model-driven,2
gerrit,2
utilising,2
blocking,2
smoothly,2
terminology,2
assisting,2
glossaries,2
graphlab,2
networkx,2
spacy,2
nltk,2
mxnet,2
gesture,2
nips,2
papers,2
kinesis,2
severity,2
ever,2
expanding,2
participating-in,2
corebsp,2
gaps,2
fill,2
holes,2
pdn,2
multi-tasked,2
5gc,2
out-of-the,2
partitioning,2
10-Jul,2
conclusion,2
device-driver,2
kernel-level,2
mode,2
voice-operated,2
storyboarding,2
non-english,2
educate,2
customer-centric,2
substrates,2
thrilled,2
newer,2
3x,2
paid,2
itself,2
ides,2
digest,2
above-the-line,2
affinity,2
routers,2
switches,2
cabling,2
it’s,2
cli,2
acceptance,2
comprehends,2
serious,2
qualified,2
inferences,2
grads,2
ok,2
orc,2
urgency,2
secured,2
parse,2
min,2
blocks,2
self-driven;,2
emitters,2
specular,2
reflectance,2
gaze,2
refractive,2
optic,2
metrology,2
appearance,2
pose,2
temporal,2
proof,2
extrapolate,2
conversation,2
geographies,2
tbb,2
openmp,2
fundamentally,2
spot,2
iso7816,2
guessing,2
proof-of-concept,2
response,2
sql-friendly,2
determination,2
matrices,2
remain,2
work?,2
prove,2
industry-defining,2
reinvented,2
applies,2
strengthening,2
leave,2
found,2
constraint,2
consumption,2
micromanagement,2
admin,2
remediations,2
scanning,2
hashing,2
centre,2
protocols:,2
l1,2
rivals,2
1st,2
canaries,2
flags,2
sleeves,2
stuff,2
ad-hoc,2
e-mail,2
chat,2
proficiently,2
exhibit,2
outgoing,2
mobilize,2
more:,2
snmp,2
27001,2
lake,2
enhancements,2
mpi,2
photoshop,2
illustrator,2
multi-platform,2
cookies,2
milestones,2
unix-type,2
subsequent,2
dynamics,2
histograms,2
或,2
provided,2
customizations,2
datahub,2
approximately,2
aov,2
page-views,2
indicators,2
compromises,2
persistence,2
analytically,2
heap,2
well-organized,2
curating,2
consumers,2
mr,2
thread-safe,2
tester,2
charts,2
bundled,2
eng,2
applicable,2
avoid,2
movie,2
writes,2
inventive,2
jenkin,2
mvpd,2
transportation,2
italian,2
multi-project,2
attract,2
influenced,2
deployed,2
retention,2
smtp,2
imap,2
mime,2
postman,2
eliciting,2
tell,2
artists,2
blob,2
nfc-forum,2
emvco,2
four,2
inmemory,2
fantastic,2
raft,2
technology:,2
have:*,2
04-Feb,2
after,2
theorem,2
actual,2
considerable,2
frequency,2
inertial,2
anywhere,2
2~10,2
applescript,2
interoperability,2
gitlab,2
neurips,2
iclr,2
iccv,2
mirror,2
obtaining,2
sequence-to-sequence,2
dynet,2
fairseq,2
marian,2
sockeye,2
opennmt,2
port,2
installing,2
migrating,2
high-priority,2
“translate,2
“,2
linker,2
c+,2
digging,2
petabyte-scale,2
extras,2
ml:,2
product-ionize,2
icmp,2
targeted,2
photos,2
java-based,2
sqlalchemy,2
oltp,2
elasticache,2
e2e,2
customer-satisfaction,2
systems-level,2
cloudformation,2
director,2
burning,2
keeps,2
consumable,2
lifelong,2
myriad,2
htk,2
srilm,2
openfst,2
proprietary,2
holistic,2
assertiveness,2
high-tech,2
non-sql,2
artifact,2
switzerland,2
 strong,2
skills',2
dhcp,2
intrusion,2
secret,2
cloud-scale,2
connecting,2
12+,2
aligning,2
really,2
rtp,2
webrtc,2
polished,2
testers,2
applications?,2
guice,2
preemptive,2
inter-processor,2
cores,2
soc’s,2
2,2
ecs,2
socs,2
sizing,2
grapple,2
peoplesʼ,2
bringup,2
4k,2
white-box,2
bt,2
describe,2
replicated,2
workshop,2
pursuing,2
schemes,2
feeds,2
threaded,2
european,2
issuers,2
oriented;,2
lasting,2
appropriately;,2
acting,2
realizing,2
catalyst,2
component,2
samza,2
gnm,2
uat,2
sweden,2
denmark,2
negotiations,2
spotlight,2
"""good""",2
churn,2
detecting,2
factors:,2
thousand,2
&drivers,2
employs,2
guaranteed-by-design,2
habits,2
lens,2
translators,2
informative,2
tail,2
sequences,2
funnels,2
starting,2
transceiver,2
vpn,2
simplified,2
vision;,2
recognition;,2
slam;,2
boards,2
zoom,2
singaporean,2
causes,2
travis,2
mental,2
raytracing,2
estimates,2
les,2
normes,2
grande,2
aux,2
problèmes,2
matrixes,2
then,2
substantial,2
trade,2
moderate-sized,2
neuroscience,2
medicine,2
biology,2
cognitive,2
psychology,2
thesis,2
capstone,2
co-op,2
qualify,2
hlsjs,2
mechatronic,2
inductive,2
fta,2
fmea,2
first-hand,2
do-178c,2
parameters,2
enough,2
toolbox,2
dl,2
navigation,2
haptics,2
telecom,2
reasoning,1
browser,1
sproutcore,1
blas,1
fft,1
isa,1
intel,1
asm,1
self-prioritize,1
underpins,1
accelerators,1
on-hands,1
ticketing,1
sysdiagnose,1
“systems”,1
"azure""",1
fpga,1
bringing-up,1
vhdl,1
uvm,1
waveform,1
verdi,1
simvision,1
problem-solve,1
co-design,1
package-pcb-ic,1
footprint,1
height,1
elas,1
clauses,1
prepaid,1
liaise,1
again,1
conversions,1
iac,1
cdk,1
upgrades,1
annual,1
container-orchestration,1
virtualisation,1
xen,1
kvm,1
qemu,1
xhyve,1
05-Feb,1
proactivity,1
repellents,1
poor,1
lots,1
in-the-moment,1
mates,1
groom,1
evangelist,1
cxo,1
totally,1
foundationdb,1
familiarities,1
llvm,1
gnu,1
kpi,1
micro-controllers,1
protocols;,1
panics,1
corespotlight,1
coretext,1
sketches,1
protocolsrrc,1
manipulating,1
newly-developed,1
go-live,1
multiple-element,1
lease,1
debating,1
~30k,1
democratization,1
respective,1
rhel,1
linkers,1
vna,1
buses,1
margin,1
outsourced,1
nodejsor,1
spans,1
round,1
downtime,1
enterprise-grade,1
suse,1
hpe,1
superdome,1
depending,1
evolutions:,1
accommodate,1
globe,1
rad,1
spirits,1
infrastructure;,1
opinionated,1
elegantly,1
years+,1
cypress,1
toolset,1
class-work,1
fearless,1
organizer,1
defaults,1
gosec,1
x509,1
signatures,1
digests,1
drawbacks,1
investigative,1
e-books,1
dom,1
single-page,1
es6+,1
well-performing,1
rdbms&nosql,1
encouraged,1
add,1
responsiveness,1
builder,1
fans,1
designed,1
schematized,1
thrift,1
thinker:,1
averages;,1
variance;,1
courageous,1
emberjs,1
coreaudio,1
considerate,1
pitches,1
devising,1
aiming,1
open-mindedness,1
cohesion,1
unwillingness,1
settle,1
merely,1
“good,1
"enough""",1
teammate:,1
slas,1
expectation,1
“ops”,1
1x,1
jdk,1
kit,1
jit,1
respectfully,1
watch,1
pads,1
computers,1
loader,1
tacacs+,1
radius,1
10-15+,1
interconnect,1
boxes,1
station,1
rohde,1
schwarz,1
anritsu,1
keysight,1
reworks,1
conducted,1
marketer,1
screens,1
propositions,1
narratives,1
vanilla,1
abstraction,1
back-ends,1
git-based,1
taste,1
simplicity,1
under-,1
standing,1
curveballs,1
few,1
etl:,1
bod,1
others:,1
hypervisors,1
ebs,1
macs,1
printers,1
scanners,1
quantum,1
isilon,1
nexus,1
baseline,1
priorities’,1
etiquette,1
takeaways in,1
viz,1
stratos,1
sign-on,1
factor,1
team-mandate,1
projection,1
efficiency:,1
paperwork,1
paper,1
curriculum,1
course,1
constituencies,1
vocational,1
curricula,1
records,1
system;,1
saba,1
qi,1
wpc,1
pma,1
medium-to-large,1
postgis,1
projections,1
absolute,1
intricacies,1
topographic,1
intersection,1
caring,1
etls,1
bis,1
ml-related,1
models;,1
versatile;,1
attributes,1
acquired,1
fw’s,1
addresses,1
empowering,1
minimizing,1
manipulate,1
does,1
borg,1
ipv6and,1
networkframework,1
bonjour,1
centric,1
penchant,1
could,1
looked,1
upon,1
favorably:,1
geometric,1
extrapolation,1
parts,1
consumables,1
assembling,1
fixtures,1
jigs,1
printing,1
statement,1
transmission,1
07-Apr,1
receiving,1
progressive,1
preprocessors,1
bundlers,1
syntaxes,1
{{,1
}},1
jpa,1
barriers,1
obligations,1
timeframes,1
numeric,1
head,1
tied,1
relevancy,1
mix,1
efi,1
strives,1
thoughts,1
communication:,1
people:,1
thinking:,1
kerberos,1
services:,1
glue,1
dimensions:,1
controlled,1
stunning,1
visuals,1
rcs,1
client-facing,1
virtualized,1
lpic-1,1
rhcsa,1
unix-related,1
envelope,1
screeners,1
fyc,1
dailies,1
manages,1
establishes,1
commitments,1
buy-in,1
oftentimes,1
pointing,1
marketers,1
kpis,1
sem,1
app-install,1
ethics,1
epm,1
demantra,1
jfrog,1
tireless,1
troubleshooter,1
evenings,1
lifting,1
agent-less,1
customization,1
fintech,1
banking,1
laws,1
completeness,1
dimensionality,1
retrieving,1
ooo,1
vpc,1
vms,1
object-orient,1
linkerd,1
traefik,1
incrementally,1
you;,1
vacuum;,1
06-Mar,1
stack-access,1
bottom,1
strengths,1
iconography,1
retouching,1
resizing,1
diplomatically,1
please,1
texture,1
painting,1
govern,1
associate,1
liaison,1
unexpected,1
commands,1
chef…,1
datadog…,1
aws's,1
hasicorp's,1
istio,1
doesn't,1
lean-agile,1
succinctly,1
time-zone,1
asking,1
ci-cd,1
delivery-oriented,1
bdd,1
mod,1
operations:,1
sres,1
deliver;,1
elicit,1
iwork,1
arena,1
dives,1
interrelated,1
redefining,1
npi,1
sustaining,1
end-of-life,1
pca,1
chassis,1
rack,1
suppliers,1
uses,1
procedure,1
textual,1
client-tier,1
n-tier,1
differs,1
scaling-up,1
sre;,1
shooting;,1
tasks;,1
tooling;,1
management;,1
prod,1
turkey,1
anonymisation,1
indian,1
html;,1
コンテンツレビューまたは関連する経験,1
優れたアクティブリスニングスキルや韓国語の言葉のニュアンスを理解することができる,1
ビジネスレベルの英語（主に読み書き）,1
テクニカルの問題に対して、自己解決することができる,1
優れたタイピングスキル,1
細部にまでこだわり、優れた校正スキルで高度に組織化することができる,1
変化の早い環境で柔軟に迅速かつ効率的に優先順位をつけ対応することができる,1
チームと共に専門知識を共有することや、フィードバックを受け入れることができる,1
評価やテスティングの経験があれば尚可,1
次の1つ以上の知識,1
経験：ios、pc、またはmacの経験およびsiriの使用経験があれば尚可,1
discerning,1
orchestrate,1
non-experts,1
bsc,1
handset,1
callbox,1
error-prone,1
impassioned,1
peoples',1
bench,1
dmms,1
crucial;,1
poise,1
underpin,1
whose,1
currency,1
messages,1
oidc,1
oauth2,1
jwt,1
rego,1
webassembly,1
wasm,1
sandboxing,1
backwards,1
compatibility,1
replacing,1
non-disruptive,1
wireframes,1
analyzed,1
learnings,1
4-5+,1
created,1
tactical,1
salesforcecom,1
enterprise-level,1
postgressql,1
effectiveness,1
pursuit,1
point-of-contact,1
indirect,1
marketplace,1
organise,1
deviation,1
technician,1
decommission,1
technological,1
operates,1
recommender,1
contracted,1
domestically,1
abroad,1
deliverables—you,1
reminded,1
re-prioritization,1
team-first,1
inspection,1
services;,1
owners,1
confluence,1
madcap,1
flare,1
photometric,1
etcself-motivated,1
directionsalways,1
order-to-,1
wallet,1
otc,1
deep-knowledge,1
60;,1
hanna,1
debuging,1
futuristic,1
charter,1
modernization,1
ics,1
lakes,1
learnability,1
peta,1
bytes,1
populations,1
cohorts,1
calculating,1
validity,1
code-bases,1
difficulty,1
aualifying,1
use-case,1
skillful,1
adeptly,1
multi-system,1
apis:,1
rspec,1
columnar,1
compliant,1
segregation,1
sod,1
elevated,1
privileges,1
empathetic,1
sunny,1
disposition,1
grad,1
modelkit,1
coremotion,1
immersive,1
trains,1
measures,1
multi-territory,1
sell,1
"""team",1
"first""",1
dfa,1
dfp,1
dcm,1
marin,1
kenshoo,1
adwords,1
rapidly-changing,1
revise,1
eliminate,1
propensity,1
covers,1
slide,1
preparation,1
charismatic,1
on-boarding,1
compressed,1
programmatic,1
invested,1
collective,1
pm,1
java11,1
18+,1
“hands-on”,1
surfaced,1
annotations,1
pain,1
peel,1
onion,1
syntax,1
champion,1
zero-downtime,1
on-prim,1
msl,1
uml,1
iiep,1
oiep,1
import,1
export,1
dimensions,1
approve,1
area;,1
sapui5,1
flp,1
bas,1
autodesk,1
viewer,1
revit,1
incredible,1
decisive,1
reasonable,1
cross-system,1
exchange,1
pub-sub,1
idms,1
investigation,1
incidents;,1
arrange,1
arises,1
paths,1
partners;,1
upstream,1
downstream,1
aforementioned,1
organizations;,1
spirit,1
pressure;,1
appears,1
blocked,1
recurring,1
10-Jun,1
passionately,1
imp,1
sme,1
cuc,1
mra,1
jabber,1
vmware,1
vcenter,1
esxi,1
multi-point,1
teleconferencing,1
expressway-e,1
ucs-c,1
rtmt,1
wireshare,1
hub,1
comfortability,1
noisy,1
cleanse,1
scrape,1
convert,1
benchmark,1
microstrategy,1
searching,1
ambiguity;,1
migrations,1
provides,1
alicloud,1
spring-boot,1
fast-moving,1
talk,1
document-based,1
crdt,1
slack,1
gitops,1
autolayout,1
2000+,1
netboot,1
grub,1
pxe,1
ipxe,1
data—acting,1
healing,1
adding,1
restarting,1
disrupting,1
tdes,1
221,1
bsi,1
guideline,1
tr-03111,1
elliptic,1
curve,1
20,1
800-38b,1
tokenization,1
apdu,1
hsm,1
thales,1
ill-defined,1
jmp,1
minitab,1
“can,1
do”,1
graceful,1
spec,1
parametric,1
upcoming,1
diagnostics,1
gnmi,1
open-config,1
minio,1
scaleio,1
ceph,1
gluster,1
lightbits,1
cicd,1
csi,1
lpv,1
memsql,1
request,1
forgery,1
internet-facing,1
benchmarks,1
micro-architecture,1
plc’s,1
siemens,1
jci,1
schneider,1
nfpa,1
codes,1
topologies,1
scape,1
substations,1
redundant,1
oversight,1
a&e,1
consultants,1
eor,1
dispersion,1
asa,1
algorithms:,1
vice-versa,1
piping,1
algorithms;,1
cdn,1
dc,1
knowhow,1
cross-organizational,1
multi-tbps,1
coherent,1
dwdm,1
edfa,1
raman,1
amplification,1
cdc,1
roadm,1
plant,1
fiber,1
osp,1
colocation,1
organization’s,1
practitioner,1
productize,1
pragmatism,1
tailoring,1
result-oriented,1
roku,1
highly-complex,1
solutions;,1
btp,1
cpi,1
developer-at-heart,1
demeanor;,1
results-driven,1
well-suited,1
orm,1
middle,1
smarthome,1
iot,1
productized,1
recruit,1
growth-oriented,1
sure,1
healthy,1
persuasively,1
generated,1
version-control,1
manually,1
flavors,1
discovering,1
mcu,1
interrupt,1
dma,1
rightly,1
engaged,1
employed,1
loosely,1
lack,1
4-7+,1
unity3d,1
intersect,1
internals:,1
ids,1
icloud,1
netweaver,1
cds;,1
web-dynpro,1
bopf,1
pack,1
spau,1
oss,1
note,1
brf+,1
alv,1
bdc,1
ale,1
idoc's,1
flat,1
rfc's,1
bapi’s,1
telecommunication,1
prediction,1
privacy creative,1
platform's,1
cdma,1
relocate,1
san,1
diego,1
installment,1
saliency,1
okr,1
proficiency:,1
internationalization,1
unicode,1
gprc,1
stores:,1
oversee,1
corporation,1
trend,1
nand,1
flash,1
non-volatile,1
qualitysqa,1
nvme,1
scsi,1
map-reduce,1
notifications,1
quotes,1
warranty,1
claims,1
sm-sd,1
sd-fi,1
applications’,1
dictionary,1
webdynpro,1
depots,1
authorized,1
insurance,1
syndication,1
10-Aug,1
x-functional,1
medium-term,1
contextualizing,1
selecting,1
tertiary,1
competitors,1
delineating,1
vex,1
skill-sets,1
particle,1
particles,1
logics,1
procedural,1
appeal,1
volumetric,1
polygons,1
textures,1
pipelined,1
rigs,1
‘’eye’',1
variation,1
composition,1
observing,1
phenomena,1
fx,1
pipeline;,1
09-Jul,1
primarily,1
pp,1
adopting,1
weka,1
text-related,1
named,1
inverted,1
index,1
recall,1
informational,1
spell,1
correction,1
backstage,1
typical,1
transformers,1
fair,1
vcs,1
sla’s,1
slo’s,1
met,1
non-compliance,1
1:01,1
person-to-person,1
sharding,1
 schema,1
layout,1
fine,1
warming,1
segment,1
install,1
coherence,1
detect,1
generalize,1
capacities,1
gut,1
instinct,1
sdets,1
heterogeneous,1
dsps,1
accelerators…,1
congestion,1
softwarization,1
supplying,1
lamp,1
stack;,1
triggers,1
optimisation,1
convergence,1
powerful,1
functioning,1
itunes,1
adheres,1
"""the",1
"picture""",1
linked,1
tools;,1
v-lookup,1
formula,1
hadoop-ecosystem,1
hdfs;,1
pluses,1
render,1
apex,1
geo-locations,1
expeditiously,1
fluid,1
teleconferences,1
expense,1
all-hands,1
intranet,1
portals,1
fblearner,1
michelangelo,1
mlflow,1
thought-leadership,1
specially,1
tact,1
photo,1
serenity,1
assured,1
karate,1
pageobject,1
pagefactory,1
screenplay;,1
o-notation,1
siem,1
arcsight,1
qradar,1
etd,1
executional,1
ewm,1
snc,1
reverse,1
procure-to-pay,1
exits,1
cards,1
babel,1
rollup,1
relic,1
12-Oct,1
weaver,1
100,1
101,1
reconciliation,1
extracting,1
bottoms,1
month-end,1
year-end,1
p&l,1
fico,1
do-178b,1
misra,1
26262,1
code-review,1
bitbucket,1
quick-turnaround,1
scalable solutions using,1
suited aws,1
 s3,1
cognito,1
53,1
multi-container,1
debian'sapt,1
knowing,1
ebpf,1
amplitude,1
determine,1
slate,1
facts,1
transparent,1
programming:,1
high-pressured,1
world-leading,1
technologists,1
phonology,1
tts,1
edge-cases,1
augment,1
prepare,1
root-cause,1
catalog,1
uac,1
mico,1
roaming,1
ursp,1
ue,1
non-3gpp,1
n3iwf,1
slicing,1
multi-sim,1
thought-provoking,1
critical thinking,1
stressors,1
to:,1
voronoi,1
sweepline,1
posed,1
parallelization,1
addressing,1
eiken,1
scores,1
shell-scripting,1
gatling,1
dplyr,1
layman,1
regards,1
cross-domain,1
industry-wide,1
5+year,1
industrial,1
systemc,1
tlm20,1
ip’s,1
frame,1
ui-frontends,1
fiscal,1
terminals,1
kronos,1
‘workforce,1
management’,1
correctness,1
directive,1
directives,1
say,1
"""no""",1
executive's,1
dissect,1
foresee,1
coming,1
steps,1
others;,1
upward,1
approachable,1
supervisor,1
word,1
self-teach,1
gap,1
gfx,1
api’s:,1
dx9+,1
os’s,1
syscl,1
vtune,1
nsight,1
gpa,1
reference,1
technical;,1
mba,1
ecmascript,1
move,1
“deep-dive”,1
must-have,1
pivot-table-fu,1
queue,1
surrounding,1
appdynamics,1
dynatrace,1
ground-breaking,1
inward,1
outward,1
proposes,1
implements,1
socialized,1
delegates,1
collaborator,1
rally,1
teams;,1
owns,1
hardware-optimized,1
practicing,1
consumer-oriented,1
burp,1
qualys,1
promotions,1
algo,1
prep,1
busy,1
pix,1
moxion,1
discreet,1
analyser,1
equally,1
lua,1
health-related,1
weekly,1
servicesdocker,1
everything,1
hand,1
estimations,1
extreme,1
self-audit,1
gui-based,1
demeanour,1
masters,1
bs+equivalent,1
methodologies;,1
interconnected,1
kernels,1
ssh,1
netscaler,1
f5,1
capital,1
commodities,1
futures,1
compliance-related,1
sudden,1
soc1,1
ccpa,1
mathlab,1
multi-lingual,1
whole,1
refinement,1
oncall,1
impacting,1
group’s,1
exist?,1
on-prem,1
graduate,1
context:,1
gg,1
backups,1
cloning,1
12c,1
vldb’s,1
vldb,1
corda,1
obiee,1
icons,1
books,1
interests,1
consultancies,1
moderate,1
finest,1
bsee,1
accessories,1
5-years,1
cantonese‚,1
hong,1
kong,1
mandarin‚,1
debugger,1
frequently,1
pleasure,1
anonymization,1
cross-disciplinary,1
multibody,1
takeaway,1
collecting,1
statistic,1
median,1
90th,1
percentile,1
meaningfully,1
應徵者必須操流利廣東話及精通繁體中文。,1
具備內容審閱或在類似環境工作的經驗,1
具備積極聆聽的技巧，能夠理解言語之間的細微差異,1
能夠在技術環境中獨立工作,1
具備出色的打字技巧,1
做事極有條理，十分注重細節，並具備出色的校對技巧,1
做事靈活，能夠迅速而有效率地應對及支援不斷轉變的工作重點,1
與團隊一同成長，樂於分享專業知識和接受意見,1
具備測試經驗者優先,1
具備以下一項或多項知識：ios、pc,1
經驗；熟悉,1
者可獲優先考慮,1
普通话流利，包括口语和书面语,1
具备内容审核或相关行业工作经验,1
具备积极聆听的技巧，能够理解言语之间的细微差异,1
能够在技术环境中独立工作,1
具备出色的打字技能,1
处事有条不紊、对细节一丝不苟，并具备出色的校对技能,1
具备灵活应变能力，能够快速高效地支持不断变化的工作重点,1
具备测试工作经验者优先考虑,1
了解以下一项或多项产品知识：ios、pc,1
使用经验，熟悉,1
者优先考虑,1
collections,1
reflection,1
nio,1
lambdas,1
projects:,1
numerically,1
dach,1
modalities,1
placing,1
time-tested,1
differing,1
aims,1
tenacious:,1
growth-minded,1
subjects,1
clerical,1
timeliness,1
knack,1
lift,1
30,1
lbs,1
non-linear,1
genres,1
mixing,1
approaching,1
aaa,1
character,1
rigging,1
dialogue,1
question-answering,1
summarization,1
cross-location,1
busses,1
cxp,1
packaged,1
pegasystemsdescription,1
paragraph,1
acronyms,1
ex:,1
quicktime,1
mpeg-4,1
mpeg-ts,1
note:,1
don't,1
begin,1
healthcare,1
indesign,1
acrobat,1
workplace,1
2+years,1
vod,1
inter-dependencies,1
modifying,1
unafraid,1
jacoco,1
gcov,1
nice-to-have,1
experienc,1
domain-specific,1
acceptable,1
code-debugging,1
campaign,1
07-May,1
required;,1
3rd-party,1
comscore,1
nielsen,1
mri,1
simmons,1
welcome,1
attitude:,1
abstractions,1
living,1
people’s,1
rest-ful,1
highly-cross-organizational,1
tandem,1
zookeepr,1
etcd,1
advisor,1
amp’s,1
suggests,1
recommends,1
connects,1
gain,1
explanations,1
production-grade,1
maori,1
irish,1
gaelic,1
==preferred,1
skills==,1
troubleshooting-,1
programming-,1
combines,1
grit,1
bavarian,1
smooth,1
standardize,1
summary,1
trainer,1
portions,1
specifications:,1
jmap,1
cucumber-jvm,1
proceduralism,1
data-structures,1
focused:,1
builder:,1
presence:,1
agile:,1
driven:,1
balanced,1
-—,1
therefore,1
breakages,1
disseminate,1
Apr-16,1
contactless,1
wi-fi,1
dh,1
agreement,1
instructional,1
tastes,1
escalations,1
mostly,1
however,1
learned:,1
luigi,1
tested,1
data-stores,1
c-family,1
ability;,1
paxos,1
gossip,1
two-phase,1
commit,1
optionally,1
microprocessor,1
x86,1
graphing,1
spend,1
*must,1
*nice,1
graduation,1
internships,1
non-engineering,1
mptcp,1
cap,1
tsdb,1
basics,1
toil,1
highly-secure,1
scheduled,1
product-focussed,1
reviewer,1
invited,1
talks,1
submissions,1
hypotheses,1
intended,1
advising,1
introspection,1
ktrace,1
dtrace,1
prototype-to-production,1
parallelized,1
fashion,1
classic,1
svm,1
random,1
forest,1
naive,1
bayes,1
knn,1
regularization,1
dimension,1
emerges,1
continue,1
mechanics,1
j2se,1
poses,1
gds,1
built-up,1
team-player,1
minded,1
eccv,1
siggraph,1
kdd,1
well-architected,1
accompanied,1
eventually,1
cluster-based,1
grails,1
ant,1
activemq,1
candidate:,1
fifteen,1
action-oriented,1
mv*,1
lessjs,1
bootstrap,1
websites,1
officejs,1
modeling;,1
mvvm,1
svn;,1
#NAME?,1
36,1
40,1
42,1
red,1
hat,1
sharded,1
replica,1
crud,1
opsmanager,1
cloudmanager,1
restore,1
analysing,1
ample,1
latam,1
backed,1
cohesively,1
locales,1
mmu,1
sram,1
initialized,1
accessing,1
de-alloced,1
out-of-bounds,1
unsafe,1
team-level,1
python3,1
re-prioritizing,1
descriptions,1
unix-like,1
a:,1
l2,1
l3,1
grc,1
scaled,1
openwrt,1
drupal,1
jee,1
adopt,1
factory,1
carplay,1
corelocation,1
coremedia,1
mediaplayer,1
rock-solid,1
programing,1
keyspaces,1
tone,1
smaller,1
strictly,1
self-healing,1
queueing,1
essentials:,1
off-heap,1
sli,1
slos,1
vip,1
sign,1
pay,1
fitting,1
electron,1
cover,1
sinatra,1
webgl,1
keplergl,1
c-level,1
delivery:,1
execution-driven,1
gis,1
pre-si,1
post-,1
softwareboard,1
--,1
itsm,1
v3,1
creators,1
conveying,1
enables,1
decisioning,1
fixes,1
sast,1
dast,1
hard-working,1
sphere,1
pr,1
journalism,1
what’s,1
hottest,1
locally,1
critique,1
evangelism,1
multiprocessing,1
wildfly,1
expansion,1
supervision;,1
employee,1
languages;,1
automatically,1
incentivize,1
stronger,1
foundations;,1
tsl,1
webdav,1
top-tier,1
answering,1
conceptualize,1
journey,1
tellings,1
individually,1
kotlin,1
cable,1
satellite,1
sdlcs,1
data-sets,1
product-sense,1
non-audio,1
 a,1
 excellent,1
 experience,1
grounding,1
immutable,1
rdms,1
rundeck,1
stackstorm,1
passenger,1
rpm,1
makefiles,1
window,1
xorg,1
gnome,1
dictates,1
occasionally,1
infotainment,1
argo,1
notebook,1
road,1
joint,1
split,1
symfony2,1
codeigniter,1
vagrant,1
highcharts,1
wijm,1
comprehensively,1
terradata,1
multidimensional,1
encoding\decoding,1
rtl,1
estimating,1
were,1
finished,1
goods,1
design-based,1
educators,1
compassion,1
learners,1
mixed,1
educational,1
peer-reviewed,1
deformation,1
notable,1
sub-systems,1
pitfalls,1
transitions,1
situation,1
protocol-level,1
interview,1
multi-tenant,1
gui,1
definite,1
harness,1
overlapping,1
trajectory,1
isn't,1
nosqls,1
awk,1
grep,1
sed,1
spas,1
-1,1
sensibilities,1
interrupts,1
multi-level,1
soldering,1
scripting:,1
non-ui,1
web-standards,1
mvcs,1
postgresdb,1
subnets,1
exemplified,1
harmonizing,1
t&s,1
excite,1
repeatable,1
executed,1
efficacy,1
assimilate,1
derive,1
cantonese,1
openstack,1
gke,1
​production,1
interacts,1
source-,1
user-friendly,1
easy-to-use,1
storing,1
mv,1
landmarks,1
fitness,1
tinyml,1
sessionization,1
clickstream,1
newest,1
metastore,1
holds,1
#NAME?,1
iommu,1
work-queue,1
encode,1
decode,1
inner,1
workings,1
codecs,1
seamless,1
equivalents,1
communications—including,1
isolate,1
iperf,1
ixia,1
examining,1
interference,1
supportive:,1
psychological,1
reducing,1
gmms,1
svms,1
boosting,1
trustworthy,1
discussing,1
fundamentals:,1
specialised,1
worldwide,1
mexican,1
humanities,1
journals,1
transferring,1
ethical,1
listens,1
digs,1
influences,1
ups,1
launched,1
detail?,1
showcase,1
tactically,1
taiwanese,1
learn?,1
evangelise,1
personality;,1
psps,1
instinctively,1
worker,1
coreimage,1
opengles,1
locking,1
indexes,1
cobit,1
cis,1
fluency‚,1
auto-didactic,1
dcc’s,1
maya,1
blender,1
at-scale,1
micro-service,1
contracting,1
rx,1
tx,1
chains,1
abilities:,1
globally-distributed,1
shift,1
handoffs,1
steadfast,1
interns,1
appliance,1
transforming,1
advocacy,1
debates,1
sap’s,1
advocating,1
exponential,1
lob,1
multi-phased,1
trusting,1
one’s,1
tidal,1
quartz,1
resiliency,1
​and,1
rational,1
diligently,1
circuit,1
ltspice,1
jmpm,1
multiple-discipline,1
tradeoff,1
hunger,1
smarts,1
exams,1
regarding,1
crimes,1
serial,1
adc,1
converters,1
10-plus,1
india,1
areas;,1
consultant,1
finland,1
norway,1
austria,1
germany,1
executionwell-versed,1
embracing,1
wifi-calling,1
deftly,1
fervently,1
cross-functionality,1
satisfy,1
videography,1
cinematography,1
artistic,1
photograph,1
conventional,1
vital:,1
3a,1
sharpening,1
denoising,1
authentic,1
overlap,1
microkernel,1
soc-level,1
high-demand,1
trying,1
audiences;,1
migration;,1
evolutions,1
incremental,1
coworkers,1
blockers,1
revisit,1
aggressively,1
geography,1
substantive,1
documentations,1
targeting,1
regulators,1
mlps,1
800-53,1
ii,1
conventions,1
comprehending,1
well-layered,1
peoples’,1
3+years,1
grappled,1
personalities,1
relying,1
multithread,1
daws,1
drm,1
processes;,1
thirty,1
fulfill,1
holistically,1
freelance,1
roster,1
intent,1
sow’s,1
burn,1
briefs,1
creatives,1
anthos,1
ultimately,1
interdependence,1
output,1
opto-mechanical,1
prototypes;,1
machining,1
drill,1
mill,1
lathe,1
pre-processing,1
normalisation,1
tokenisation,1
lemmatisation,1
stemming,1
tagging,1
parsing,1
text-analytics,1
sentiment,1
sequence,1
rnn,1
lstm,1
gru,1
theano,1
api-driven,1
code-base,1
repo,1
asia,1
proofreaders,1
localized,1
russia,1
rights,1
tailor-made,1
exert,1
showing,1
learning?,1
break-down,1
merchandizing,1
checkout,1
wield,1
santa,1
clara,1
valley,1
disruptive,1
innovations,1
we'd,1
augmented,1
frameworks:,1
kubernetes:,1
k8,1
test-and-measure,1
student,1
2021,1
bom,1
stateful,1
committers,1
pmc,1
propagation,1
simulators,1
it's,1
technique-,1
development-,1
palo,1
alto,1
atm,1
vpls,1
mpls,1
isdn,1
vlans,1
hsrp,1
ppp,1
eigrp,1
multicast,1
vpns,1
tel,1
overlay,1
underlay,1
vxlan,1
evpn,1
anti-malware,1
nfv,1
prime,1
concord,1
ehealth,1
etherpeek,1
intermapper,1
mrtg,1
cacti,1
sys,1
software-hardware,1
academia,1
convolutional,1
end-users,1
res,1
algorithm’s,1
webdriverio,1
testcafe,1
diligence,1
perseverance,1
xr,1
hearing,1
pmics,1
max,1
average,1
drops,1
transients,1
1+,1
focusing,1
data;,1
cloudwatch,1
work-experience,1
project-,1
team-management,1
likes,1
breathtaking,1
high-profile,1
workstations,1
save,1
times;,1
diplomatic,1
saying,1
jdbc,1
angular+,1
performs,1
tough,1
networked,1
lag,1
compensation,1
5-10+,1
knowledge;,1
loaders,1
2-4+,1
volatile,1
metric,1
dashboarding,1
committer,1
tungsten,1
connectors,1
substrate,1
teting,1
crashes,1
same-team,1
hats;,1
possession,1
do-whatever-it-takes,1
texturing,1
parameterizations,1
elevate,1
ownership-of-outcome,1
buildbot,1
design:,1
invest,1
solver?,1
them?,1
fundamentals?,1
equipment:,1
dvm,1
for:,1
manufacturer,1
comms,1
comms;,1
limit,1
buy-offs,1
gr&r,1
cp,1
cpk,1
inter-dependent,1
stepping,1
everyone's,1
toes,1
cm,1
templates,1
playbooks,1
leaning,1
shouldn’t,1
bayes’s,1
that's,1
performance:,1
radios,1
sipping,1
sounds,1
frustrating,1
isn’t,1
you:,1
cope,1
mobility,1
transformative,1
realize,1
places,1
meaning,1
estimation—gps,1
indoor,1
localization—we're,1
au,1
moins,1
trois,1
années,1
d’expérience,1
du,1
développement,1
intégré,1
axé,1
principalement,1
sur,1
systèmes,1
protocoles,1
paiements,1
mobiles,1
noyaux,1
sans,1
selon,1
divers,1
algorithmes,1
cryptographiques,1
sha-1,1
expérience,1
l’analyse,1
canaux,1
auxiliaires,1
mécanismes,1
défense,1
processeurs,1
sécurité,1
renforcée,1
la,1
couche,1
d’application,1
14443,1
capacité,1
à,1
collaborer,1
avec,1
plusieurs,1
équipes,1
curiosité,1
dévouement,1
recherche,1
novatrices,1
quotidiens,1
apportée,1
petits,1
détails,1
qui,1
sont,1
importants,1
pour,1
nos,1
excellentes,1
aptitudes,1
résolution,1
débogage,1
intuitif,1
volonté,1
d’aller,1
profondeur,1
czech,1
slovak,1
hungarian,1
croatian,1
ukrainian,1
systems-,1
environment-,1
reported,1
issues-,1
behavioral,1
detail;,1
overlooked,1
romanian,1
vietnamese,1
aided,1
indonesian,1
productionalizing,1
skillsfluency,1
pytorch…,1
obsessed,1
advancing,1
belgian,1
ir92,1
94,1
accomplishing,1
3,1
applicants,1
connected,1
televisions,1
sub-6,1
mmw,1
antenna,1
single-signon,1
ood,1
level-languages,1
plotly,1
constructs,1
ubuntu,1
pressured,1
decomposition,1
ishikawa,1
aka,1
fishbone,1
whys,1
8d,1
doors,1
teamcenter,1
polarion,1
dialects,1
paradigm,1
visualize,1
**nice,1
have**,1
pdf,1
font,1
finite,1
irresistible,1
urge,1
dreaming,1
eg:angularjs,1
bower,1
intimidated,1
mastered,1
middle-end,1
register,1
programming;,1
memory-constrained,1
openvx,1
gpuimage,1
geographically-distributed,1
v8,1
gdb,1
developement,1
qc,1
happen,1
pushing,1
column,1
ndk,1
multi-frame,1
multi-camera,1
took,1
hacking,1
unknown,1
profiles:,1
hfp,1
a2dp,1
avrcp,1
pbap,1
ellisys,1
teledyne,1
ota,1
time:,1
month,1
unpredictable,1
dream,1
solvers,1
julia,1
formulating,1
convex,1
nonlinear,1
interdisciplinary,1
sparse,1
dense,1
lu,1
cholesky,1
factorizations,1
displayport,1
backlight,1
learning-based,1
maximize,1
improves,1
rate,1
helps,1
literature,1
iterating,1
c++-based,1
multi-language,1
conductor,1
gcloud,1
nvidia,1
harden,1
accelerate,1
invent,1
consider,1
ore,1
pattern,1
haskell,1
and frameworks,1
hig,1
can build,1
to developers,1
from developer,1
to totally,1
on customer,1
torch…,1
kalman,1
linux-based,1
bookkeeping,1
body,1
higher-level,1
wpf,1
human-computer,1
collaborations,1
multimedia,1
refactor,1
helpful:,1
system-,1
physiological,1
electromechanical,1
knowledge-,1
asic,1
unicom,1
government,1
repository,1
converse,1