authoring,3
technical,349
documentation,114
for,1379
workflows,28
processes,194
best,73
practices,72
manage,161
our,142
on,540
and,9365
off-prem,1
kubernetes,46
clusters,6
to,3253
support,455
growing,4
workloads,6
take,35
part,79
in,2573
a,1473
24x7,2
on-call,21
rotation,17
influence,34
architectural,15
decisions,35
with,2737
focus,31
security,106
,11026
scalability,17
high-performance,5
setup,43
maintain,232
monitoring,62
metrics,56
&,265
reporting,41
systems,785
fine-grained,3
observability,16
actionable,13
alerting,15
set,29
the,1767
direction,24
engineering,1091
teams,443
8+,6
years,267
of,2872
managing,84
services,76
distributed,52
internet-scale,2
*nix,2
environment,239
ability,619
prioritize,69
tasks,72
work,678
independently,54
advanced,85
or,1581
expert-level,2
linux,96
administration,23
track,57
record,55
practical,48
problem,80
solving,67
under,54
pressure,46
excellent,256
communication,261
skills,492
bs,208
ms,182
degree,263
computer,273
science,224
equivalent,240
experience,2217
configuration,38
management,280
such,256
as,759
ansible,26
puppet,14
terraform,10
demonstrable,10
knowledge,449
tcp,20
ip,33
operating,47
system,427
internals,5
filesystems,6
disk,4
storage,87
technologies,112
protocols,46
aws,27
other,405
cloud,37
infrastructure,112
providers,12
container-based,1
using,254
orchestration,12
software,701
proficiency,146
high-level,17
language,70
like,67
python,238
go,46
ruby,15
java,34
collaborate,144
globally,13
competing,33
priorities,70
well,112
self-driven,5
an,255
analytical,71
mind,11
bias,25
action,47
big,19
data,599
platforms,45
hadoop,15
plus,368
full,251
time,272
tesla,272
employee,369
you,286
will,200
receive,94
benefits,184
from,401
day,111
1,120
your,188
dependents,91
kaiser,91
unitedhealthcare,91
ppo,91
hsa,91
plans,414
including,515
infertility,91
coverage,205
3,134
medical,92
plan,146
choices,100
$0,92
paycheck,92
contribution,94
vision,128
dental,91
orthodontic,91
company,123
paid,273
life,139
ad&d,91
short-term,92
long-term,102
disability,91
401k,92
stock,95
purchase,98
financial,99
assistance,104
program,222
off,102
holidays,95
back-up,91
childcare,91
discounts,91
geartrain,8
design,1200
utilizing,21
parametric,3
modeling,108
evaluate,39
performance,209
trade-offs,13
component,137
rotating,10
shafts,2
torque,21
split,2
devices,66
couplings,2
clutches,2
finite,20
element,21
analysis,462
2d,45
3d,90
cad,127
statistical,39
stack,39
up,97
requirements,264
level,183
testing,396
durability,20
reliability,258
variability,4
supplier,57
coordination,22
high,270
volume,67
contract,8
manufacturing,479
quality,280
troubleshooting,89
resulting,4
corrective,24
production,278
assembly,92
components,211
process,323
tool,46
development,568
achieve,54
equipment,408
test,847
specification,45
machinery,16
demonstrating,4
aptitude,23
concept,59
through,157
release,86
launch,54
evidence,100
exceptional,180
within,92
product,397
catia,114
preferred,290
primary,6
responsibility,15
is,487
keep,23
lines,30
running,18
install,11
upgrade,4
replace,3
remediate,4
all,163
it,69
hardware,322
along,19
quickly,41
respond,23
requests,41
incidents,11
customers,32
troubleshoot,50
issues,298
network,114
client,7
switch,3
idf,2
interface,43
various,120
groups,34
understand,120
interpret,52
how,63
solve,62
long,15
term,13
needs,39
framework,17
mfg,2
standards,111
minimum,86
5,30
years’,47
desktop,20
admin,7
role,31
replacing,4
windows,36
machines,14
printings,2
barcode,3
scanners,5
hand,22
held,2
radios,2
digital,51
signage,2
basic,128
client-side,2
dhcp,14
dns,16
static,7
problems,128
must,154
have,122
good,95
be,294
available,26
swing,2
shift,13
weekends,15
dev,2
ops,2
related,193
firmware,208
initial,29
final,12
develop,415
tools,433
vehicle,303
diagnostics,27
validation,215
integrate,58
tests,167
new,316
launches,8
both,122
validate,97
integration,144
versions,5
solutions,163
bridge,8
gaps,12
maintaining,40
streamlining,4
improve,158
resolve,51
meeting,10
their,92
targets,59
end-to-end,24
into,120
subsystems,54
priority,7
situations,15
root,102
cause,91
implementation,74
short,11
electrical,486
mechanical,393
fields,43
prefer,4
2+,44
professional,38
relevant,135
strong,399
scripting,73
at,191
least,49
one,93
common,59
etc,311
validating,14
embedded,142
electro-mechanical,19
collaborating,9
colleagues,5
communicating,20
complex,177
concepts,135
others,32
varied,4
background,42
detail,92
oriented,27
think,14
creatively,5
produce,26
“outside,4
box”,5
multiple,121
projects,194
moving,11
forward,5
working,367
introduction,14
improvements,78
automotive,131
understanding,360
lean,10
stakeholders,47
r&d,11
construction,53
operations,56
aggregate,2
summarize,10
site,27
wide,34
utility,17
conceptual,10
reduced,2
incremental,1
cost,85
perform,116
feasibility,22
techno-economic,1
studies,7
capital,11
meet,82
aggressive,12
internal,118
rate,5
return,1
expectations,13
capacity,17
risk,44
large,51
hands-on,142
field,222
recommend,10
key,51
future,48
factory,47
phases,5
complexity,16
objective,8
thinking,13
social,3
interactions,38
prove,3
subjective,6
fundamentals,116
without,17
direct,31
structure,23
chemical,47
master’s,11
phd,25
5-7,4
yrs,1
instance,4
designing,89
retrofitting,1
existing,84
factories,7
executing,12
scale,45
multi-disciplinary,2
experienced,44
energy,105
thermal,122
fluid,23
hvac,17
building,107
simulation,46
forecasting,7
scientific,9
programming,122
database,44
highly,108
desirable,17
matlab,65
simulink,6
revit,5
sql,73
parts,94
while,60
closely,75
electromagnetic,14
power,204
electronics,99
engineers,281
electric,33
transmission,5
plastics,22
sheet,20
metal,49
castings,4
drive,215
conduct,50
modelling,10
prototypes,18
bench,3
configurations,13
suppliers,97
transition,18
utilize,37
materials,170
team,379
members,38
use,144
techniques,67
v5,51
five,6
progressive,6
job,22
offered,4
applications,163
three,6
metals,16
assemblies,60
dimensional,21
drawings,73
expertise,40
ansi,4
y145,2
gd&t,36
dynamometer,15
stators,2
rotors,2
driving,56
"in:
winding",2
"technology
magnet",2
"technology
steel",2
stamping,29
lamination,5
"joining
electrical",2
insulation,10
"systems
interconnections
thermal",2
sensing,22
winding,5
technology,76
magnet,2
steel,6
joining,15
interconnections,2
identifying,9
qualifying,4
raw,12
profile,7
carry,3
designs,129
high-volume,17
production;,3
dfm,15
reductions,6
second,7
sourcing,22
mentoring,9
junior,10
interns,5
create,189
expand,8
tesla’s,79
harnesses,9
vehicles,81
participate,71
next,14
generation,20
feature,26
architecture,115
definition,34
early,18
prototype,113
own,66
by,142
scaling,12
them,61
across,128
entire,18
organization,89
worldwide,19
write,64
translators,3
apis,17
between,55
third-party,4
packages,24
cross-functional,93
implement,127
faster,8
cycle,41
iterations,3
bachelor,32
some,45
courses,5
2x,3
3x,4
web,78
frameworks,40
react,38
node,4
dash,3
php,8
css,20
workflow,20
airflow,11
similar,100
stream,9
processing,76
kafka,24
rabbitmq,7
scalable,26
map-reduce,3
spark,27
machine,98
learning,70
analytics,26
mysql,34
postgres,12
nosql,10
databases,31
containerization,12
docker,33
build,165
automation,154
continuous,58
rundeck,3
jenkins,22
architectures,20
interpersonal,37
collaboration,43
fast-paced,55
number,4
different,47
appx,1
1000,1
aruba,5
wireless,31
access,14
points,6
300,5
000m2,1
multi-level,1
space,10
15-20,1
controllers,11
clearpass,2
airwave,2
come,6
speed,15
installations,10
needed,79
changes,94
based,86
recommended,3
service,180
levels,25
capacities,1
locations,10
rouge,1
detection,12
containment,4
information,86
leadership,48
add,13
centralized,4
establish,56
visual,18
dashboards,15
in-depth,11
rf,14
survey,14
tier,5
control,158
products;,1
central,4
nyansa;,1
standard,49
routing,18
protocols;,1
-,44
thorough,21
authentication,3
management;,2
deploying,7
mobility,1
voip,17
location-based,1
guest,1
wireless',1
large-scale,18
environments;,1
written,159
verbal,95
packet,1
capture,19
products,188
wireshark,5
ekahau,1
industry,80
solarwinds,3
nagios,3
siems,1
splunk,26
dynamic,32
sometimes,10
ambiguous,5
extensive,23
team-oriented,4
collaborative,34
english,61
fluent,34
german,8
atleast,1
a2,1
better,19
lead,139
initiatives,30
current,33
solution,34
sites,9
function,30
2-3,3
escalation,10
point,21
gathering,10
analyze,89
propose,39
networking,40
provision,5
per,20
poc,3
evaluation,20
monitor,39
report,45
document,95
knowledgebase,3
operational,21
“run-book”,4
able,119
occasional,14
after,8
hours,28
call,7
15%,4
travel,61
required,136
necessary,62
juniper,4
srx,3
palo,25
alto,25
networks,32
firewall,5
ipsec,4
vpn,8
url,3
filtering,4
ids,3
ips,4
protocol,16
analyzer,4
snmp,4
netflow,3
ipam,3
radius,3
taps,3
industrial,86
director,2
span,3
ics,2
load,32
stress,18
developing,100
scripts,16
automate,31
deployment,55
collect,19
proficient,83
microsoft,34
word,44
excel,51
powerpoint,35
visio,8
ccnp,5
ccna,5
certifications,18
competencies:,2
organizational,17
solid,70
player,13
professionalism,4
integrity,23
interactive,4
timeline,9
that,256
shows,3
details,13
overlaps,1
milestones,24
progress,10
tracker,1
accounts,3
variety,71
during,59
lifecycle,13
task,17
management:,2
project,158
timing,29
each,20
cross,50
functional,105
including:,15
supply,32
chain,29
industrialization,3
latest,17
numbers,6
bom,19
specifications,80
fellow,4
address,25
concerns,19
keeping,6
date,9
bachelor’s,59
5+,39
ideally,4
delivered,11
medium,11
familiarity,150
planning,35
activities,63
vendor,13
demonstrated,127
identify,137
critical,58
elements,13
record-keeping,3
functionally,5
personnel,11
jira,26
tracking,26
individual,7
contributor,1
valued,2
infotainment,10
audio,18
radio,6
antenna,4
preparation,15
overall,52
custom,27
designed,32
special,2
purpose,7
detailed,56
layouts,20
reviews,45
redesign,2
specs,14
where,32
commercial,27
pertaining,4
bill’s,2
material,83
consultation,3
manufacturers,4
optimization,64
assist,61
drawing,23
file,3
liaison,11
departments,5
–,94
10,7
machine-building,1
excellence,14
solidworks™,2
pdm,8
modern,26
controls,86
programmable,8
pneumatics,3
pneumatic,19
willingness,43
domestically,15
internationally,18
produced,3
volumes,2
pcb,43
integrated,19
structural,41
hands,33
commissioning,25
fabrication,79
mill,5
lathe,5
laser,9
cutter,2
fremont,17
ca,38
short-,1
pursuing,13
detail-oriented,14
circuit,43
prototyping,34
engineer,47
ui,53
platform,46
typescript,10
native,13
redux,6
d3,2
scales,2
webgl,3
godot,1
engine,4
obsess,2
over,24
delivering,24
beautiful,2
intuitive,6
users,17
consumer,16
industries,5
provide,152
innovation,4
push,6
suite,10
increase,17
application,93
stability,10
unit,44
bachelor's,22
master's,7
2,47
ios,10
android,17
diagnose,20
electromechanical,44
heavy,4
content,20
diagnostic,37
procedures,82
remotely,11
global,70
technicians,47
custom-built,2
empowers,2
more,82
effectively,71
sets,12
predict,8
trends,25
make,70
meaningful,11
conclusions,3
recognize,4
patterns,22
failures,58
feedback,57
distilling,5
prioritizing,5
providing,30
tangible,4
sure,11
are,192
fully,18
investigated,6
countermeasures,15
place,12
explain,8
non-technical,10
people,12
peers,10
clear,26
emerging,3
failure,158
determine,22
self-managing,2
self-motivated,12
safety-critical,8
heavily-regulated,1
repair,26
two,8
specialization,3
following,22
areas:,7
layers,4
modem,1
commands,1
cellular,15
ps,1
cs,15
attach,1
state,20
bands,1
apn,1
reception,1
regional,8
connectivity,14
execution,69
budget,9
necessitated,1
programs,60
share,9
above,20
vendors,37
award,1
business,107
most,29
favorable,1
party,14
this,64
includes,20
negotiations,1
creating,45
cases,31
executive,15
approval,10
planned,4
facilities,25
ensure,176
met,14
prior,42
arriving,1
installed,9
commissioned,1
timely,27
manner,20
higher,51
coursework,6
essential,10
4,19
previous,31
sector,2
show,2
breadth,2
facility,17
permitting,7
analytic,3
demands,23
tight,43
deadlines,49
remain,17
engaged,15
proactive,26
positive,36
tough,14
circumstances,13
owning,18
assignments,24
taking,21
accountability,16
success,38
flexibility,26
adaptability,10
changing,46
coping,7
rapidly,34
efficiently,25
productively,10
independent,18
settings,9
cooperative,16
relationships,36
those,20
contacted,16
course,20
public,22
train,16
mentor,26
communicate,135
clearly,25
meticulous,14
attention,77
self-initiative,2
desire,30
learn,48
innovative,27
methods,124
office,66
valet,1
parking,1
lot,6
also,39
except,1
appropriate,46
proof,32
successful,23
candidate,23
position,13
takes,5
pride,3
abilities,14
they,28
appreciate,2
superior,5
encouraged,3
noticed,3
rewarded,3
used,40
lab,88
skillfully,1
operate,54
cars,11
light,7
truck,1
trailers,1
shop,40
forklifts,1
ev,14
carts,1
stringo,1
mover,1
follow,34
oral,35
email,13
text,11
message,12
instructions,27
team-based,10
goals,28
outlook,25
adobe,11
valid,24
driver’s,16
license,24
clean,49
lift,11
30,6
lbs,3
finished,2
m3,2
y,2
s,4
x,13
semi,1
powerwall,4
megapack,2
supercharger,10
solar,42
interact,24
major,14
subassemblies,1
deploy,26
typical,5
novel,16
efficient,39
throughput,13
throughout,25
inception,1
mass,28
debug,99
directly,20
impact,33
market,28
meaning,1
visibility,5
reward,1
scenarios,24
world,26
absorb,1
show-stopping,1
limiters,1
pilot,10
full-blown,1
stages,8
results,133
ee,25
golang,13
object,10
backend,23
code,208
modularity,11
maintainability,44
possess,8
preference,14
assemble,16
fixtures,32
acquisition,70
instrumentation,60
found,11
these,46
assure,5
tested,9
line,39
+,5
technician,13
reading,10
interpreting,3
schematics,40
circuits,34
wiring,29
diagrams,35
harness,17
oscilloscopes,21
dmms,6
hv,13
supplies,27
broad,20
labview,23
voltage,99
low,36
battery,126
autocad,26
50,4
communications,31
attitude,21
eagerness,2
change,55
proactively,11
dive,1
base,6
find,16
exploit,2
posture,1
introduce,4
improves,1
defense,1
depth,5
secure,12
contributing,4
spread,2
findings,23
conducting,5
assessments,21
threat,3
partner,17
deliver,55
widely,1
impactful,2
demonstrate,12
judgement,10
efforts,19
mitigate,4
risks,32
few,1
ce,15
need,20
auditing,3
areas,34
environments,53
deep,51
mobile,31
threats,4
exploits,1
prevention,1
firewalls,4
balancers,7
keeps,4
belief,2
acquiring,2
spreading,2
mentorship,5
acting,4
owner,9
applied,23
cryptography,5
attacks,1
against,32
cryptographic,2
algorithms,38
encryption,1
rest,20
tls,4
hashing,1
full-stack,2
constraints,25
lithium,22
ion,26
cells,40
studying,2
properties,14
abusive,2
conditions,33
experiment,4
enable,42
safer,2
effective,33
cell,109
pack,17
tradeoffs,3
parameters,30
which,38
help,88
define,91
directions,3
preferably,30
foundation,12
measurement,28
daqs,4
sensors,48
electrochemistry,9
experimental,12
statistics,35
grid,18
heat,57
sinks,5
magnetic,10
connectors,24
fasteners,25
cfd,21
packaging,42
isolation,8
sealing,13
interconnection,8
shock,8
vibration,23
interference,4
emi,17
builds,31
electronic,42
insulators,18
gaskets,8
potting,4
ansys,8
icepak,4
starccm,4
challenging,32
v6,31
plm,36
deviations,9
structuring,9
anysys,3
environmental,37
safety,134
residential,8
injection,33
molding,34
diecast,4
pcbas,6
pcba,20
prepare,35
photovoltaic,4
sales,27
preliminary,5
phase,23
plan-sets,3
charging,45
stations,5
sketches,3
photographs,3
continued,3
guidelines,17
purposes,5
specify,26
dimensions,3
store,3
electronically,3
folders,3
pre-construction,5
post-mortem,3
performs,12
department,16
standardization,9
relationship,9
managers,36
surveyors,3
designers,32
rapport,3
may,32
associate,6
familiar,50
buildings,4
land,3
field’s,3
relies,3
judgment,13
accomplish,3
2018,3
sketch-up,3
photoshop,3
stay,8
organized,29
records,8
online,9
resourceful,4
adapt,7
fast,28
shifting,21
certain,5
creativity,8
latitude,3
expected,20
functionalities,2
growth,11
us,20
rollout,4
china,9
local,33
gap,7
prioritized,1
manager,13
daily,24
operation,39
on-time,4
delivery,26
coordinate,75
inter-dependencies,3
constantly,14
evolve,3
towards,34
increasing,5
precision,7
dependability,2
still,2
agility,2
has,21
gotten,2
we,46
now,5
strength,9
confidence,6
rapid,21
cycles,12
uncertainty,3
specific,27
domain,16
4+,18
years',4
tpm,2
epm,2
consumer-facing,2
—,2
coding,19
sense,5
criticize,2
cross-functionally,31
delegation,2
roadmap,6
schedule,54
inspire,3
face,2
commitments,8
versed,9
…,2
ownership,31
die,37
strip,2
review,60
buyoff,6
guided,3
tooling,36
surfacing,3
leads,7
impacting,2
align,14
ensuring,27
precise,2
high-quality,16
followed,1
require,13
leading,30
additional,13
times,6
incorporate,3
manufacturability,17
streamline,3
machining,13
leader,7
designer,6
scheduled,1
status,29
resource,17
allocation,4
input,9
departmental,1
four,2
associates,16
than,6
v6;,1
unigraphics,2
nx,2
beneficial,5
flexible,8
open,33
minded,1
driven,28
energetic,6
willing,26
“get,1
out,34
advance,13
weekend,4
pounds,2
needed;,1
10%,13
finds,1
causes,8
actions,26
taken,3
become,6
expert,54
trainer,2
assigned,34
responsible,42
leveling,1
documents,31
schedules,26
equipment:,3
alarms,1
breakdowns,2
minimize,22
downtime,16
repairs,13
rebuilds,1
spare,9
inventory,16
reduction,11
improvement,60
investigate,25
prevent,9
repetitive,3
acquisitions,1
mechatronics,42
1-2+,1
solidworks,26
proe,1
weld,1
symbols,3
small,22
fastening,5
any,97
following:,21
stationary,2
handling,27
towed,1
dollies,1
racks,1
stands,1
lift-assists,1
end-of-arm,1
robots,15
kuka,6
fanuc,8
siemens,15
rockwell,1
provided,4
cut,3
crimp,2
density,4
print,4
layout,46
point-to-point,1
rack,1
mounted,1
continuity,5
verification,16
documented,7
reworks,1
upgrades,12
general,38
maintenance,59
pre-existing,1
purchasing,7
procurement,21
guidance,31
simple,15
walk-up,1
successfully,13
complete,46
parallel,22
"assignments
requirements",1
year,28
read,25
electrician,2
soldering,14
exposure,32
maker,1
automated,102
fixture,14
execute,112
regression,21
suites,13
powertrain,14
continuously,13
customer,107
releases,22
strategy,34
scoping,1
sign,4
board,29
expose,4
weakness,3
faults,4
inverter,8
loop,23
sil,10
hil,8
reliable,27
accurate,13
repeatable,5
c,115
languages,57
perl,11
shell,14
bash,12
version,18
git,41
scons,4
rust,7
auto-industry,1
schematic,25
remote,40
user,51
experiences,24
optimize,51
qa,31
currently,31
objective-c,5
javascript,36
grasp,17
fundamental,30
internationalization,2
around,24
localization,5
writing,59
creation,35
notes,4
c++,95
shipping,29
customer-facing,14
area,28
stack:,17
rendering,9
core,35
server,50
fluency,12
codes,16
safeguarding,2
gantries,1
conveyors,4
transform,3
installation,44
cabinet,6
plumbing,8
carefully,6
balance,15
lead-time,6
limits,13
quote,3
enforce,7
implementing,34
addition,2
conventional,2
productivity,20
reduce,18
waste,4
proper,16
associated,26
making,20
updates,13
modifications,2
compliancy,1
usage,28
regulations,31
governing,7
bodies,8
distribution,19
eplan,1
topology,1
theory,26
selecting,2
protectors,1
wire,11
cable,11
plc,18
i,12
o,11
vfd,1
servo,4
inspections,21
permits,1
very,19
spoken,17
multi-tasking,3
same,4
presence,5
nights,1
when,44
determined,1
master,15
dipl-ing,1
mechatronic,9
lvdt,5
transducers,12
dispense,2
temperature,15
meters,14
pc,11
motor,8
robotic,4
cognex,3
keyence,2
investigations,24
include,35
crashes,3
fires,4
draw,6
investigation,8
occasionally,10
outside,18
consultants,3
serve,26
contact,19
great,12
regulatory,20
discussions,20
aspects,16
recalls,3
advise,4
internally,7
matters,5
advocate,10
externally,4
promote,31
safe,32
sustainable,19
headquarters,8
6+,5
accident,4
reconstruction,7
fire,7
significant,18
cultural,3
differences,4
sensitive,6
multidisciplinary,4
experts,3
apac,5
领导工程失效分析调查。调查可能包括车辆碰撞、高压电气系统或起火。针对每一起事件，该职位带领特斯拉内部不同小组进行调查，同时也可能与外部机构开展联合调查。,3
为大中华地区的监管机构提供技术联络工作。包括针对工程调查结果的相关技术讨论，或涉及车辆召回相关技术沟通。针对标准和法规项目可能带来的技术影响，为内部提供建议，最大限度地促进向可持续能源实现的安全过渡。,3
担任工程总部和当地团队之间的联络人。,3
负责与美国总部的技术交流。,3
工程学士学位。,3
硕士学位或博士学位优先。,3
6年以上汽车行业的工程经验，或具备特斯拉其他核心领域之一的相关经验。,3
具备失效分析经验，包括事故重建，电气失效分析和火灾调查。,3
出色的书面和口头沟通能力。,3
具备有在或者与政府机构工作相关经验者优先。,3
熟练的英文书写和口语能力。,3
处理敏感事件时，具备优秀的跨文化沟通能力。,3
有亚太地区多领域技术专家人脉资源是加分项。,3
适应出差工作。,3
integrations,3
what,9
can,130
cannot,2
do,12
should,16
not,52
then,7
bespoke,1
deployments,12
collect;,1
collecting,3
right,5
disseminate,7
bugs,14
suggested,1
regularly,8
update,15
logging,14
answer,5
questions,14
represent,9
meetings,10
sr,1
leaders,12
comes,2
ideal,16
+1,5
query,7
comfortable,44
looking,10
does,7
no,6
developer,16
dependencies,6
self-starter,11
afraid,1
speak,1
best-case,1
outcomes,3
simultaneously,16
real-time,40
functionality,28
behaviors,19
bring-up,26
debugging,63
robotics,26
microprocessor,9
algorithm,21
physics,71
principles,49
bootloader,1
boot,1
proven,50
ada,1
contributions,12
source,43
buffers,2
rpc,3
run,22
kinematic,1
models,65
group,9
beyond,6
optimized,10
device,23
analyses,18
simulations,12
individually,2
calibrate,3
conceiving,4
rigorously,3
stakeholder,8
partners,24
first-principles,3
disciplines,20
as:,9
magnetics,7
presentation,18
multi-physics,4
package,15
eg,71
star,3
comsol,3
talent,5
analyzing,24
challenges,21
numerical,11
interfaces,61
contacts,4
conductors,9
mechanisms,27
actuators,14
protection,14
arc,4
li-ion,9
in-car,12
extract,18
fleet,52
telemetry,16
via,31
features,120
footprint,9
end,40
car,19
linux-based,6
servers,6
several,3
rpac,1
region,13
7,8
year’s,4
academia,8
achievement,8
japanese,2
maps,5
gis,5
computational,6
geometry,10
country,3
applying,12
study,21
1+,8
typesscript,1
top-ranking,4
apps,8
c;,2
misra,7
ti,4
dsps,11
nxp,4
microcontrollers,14
fault,26
trees,9
block,9
assess,20
facilitate,28
fmea,27
sessions,8
order,47
requirement,14
setting,15
apply,31
accelerated,15
inform,11
numeric,6
fielded,4
in-test,4
sample,17
size,29
durations,2
lifetime,5
released,2
resolution,41
occurring,2
research,30
robust,41
selection,28
demonstration,6
lessons,6
learned,8
behavior,17
health,21
grow,11
equations,2
weibull,9
maximum,4
likelihood,3
estimation,12
bayesian,5
monte,3
carlo,3
optical,21
microscopy,12
sem,18
csam,4
x-ray,8
cross-sectioning,3
edx,4
reliasoft,4
synthesis,4
weibull++,4
blocksim,4
alta,4
rga,4
xfmea,4
design-in,3
computer-aided,6
cae,33
sherlock,3
crow-amsaa,4
crow,4
extended,13
warranty,10
prediction,8
hmi,14
exchange,10
usability,5
outages,2
failover,1
plant,7
systems:,2
ux,9
start-up,4
3-5,12
plcs,9
pid,1
fault-tolerant,6
error,1
recovery,10
bus,10
serial,6
ethernet,18
involving,31
generate,20
incident,8
reports,41
detailing,1
vehicle’s,1
centers,5
responding,1
consistent,21
stable,11
plays,2
further,10
owners,8
ease,12
graduate,3
dynamics,14
model,48
audiences,5
legal,14
speaking,1
giving,2
deposition,1
testimony,1
in-vehicle,4
lin,8
driver,4
“can,2
do”,2
motivated,3
eager,4
moral,1
compass,1
contribute,36
wifi,9
bluetooth,7
ble,5
enabling,4
collection,20
visualization,24
reported,11
root-cause,17
larger,6
os,20
rtos,12
structures,29
skilled,11
uart,5
i2c,8
i2s,2
spi,8
pcie,4
functions,32
break,19
down,18
sub-system,14
potential,21
modes,37
effects,21
implemented,14
component-level,9
being,14
developed,9
so,22
seamlessly,10
introduced,7
retire,7
accelerate,17
dig,10
rolled,7
functioning,7
properly,11
diagnosis,19
concern,6
rectify,6
setups,25
simulated,11
actual,14
alpha-,6
beta-phase,6
forwards,6
networked,22
microprocessors,23
software-controlled,20
team’s,7
efficiency,34
fluently,6
gain,10
logged,10
events,16
mechanics,32
vector,17
mode,19
hazard,10
assessment,10
hara,8
traces,1
certification,19
sequence,4
bring,22
actively,8
quick,11
affect,4
live,9
3+,38
concisely,2
scopes,13
logic,24
analyzers,24
irons,4
contained,2
non-engineers,1
gather,13
accuracy,17
edit,8
according,15
style,3
guide,4
editorial,1
formatting,2
flow,36
sharepoint,4
rhetoric,1
composition,1
journalism,1
1-3,3
concise,15
possible,14
comprehend,2
perspective,11
subsystem,12
logical,7
creative,25
multi-task,31
self-directed,5
minimal,10
supervision,12
html,18
xml,4
dita,2
markdown,1
analog,24
emc,28
compliance,36
start,16
finish,22
busses,2
rs-485,3
usb,5
wi-fi,2
signal,22
conditioning,4
buck,3
boost,4
flyback,2
plane,5
dft,4
bringing,10
international,28
fabricate,4
tests:,2
retrofits,10
issues:,4
identified,15
discovered,4
stake,5
holders,5
band,4
saw,3
drill,3
press,4
either:,2
hydraulic,11
12v,4
past,2
script,8
vet,1
proposed,5
finalize,1
scope,29
budgets,2
assumptions,8
deliverables,20
measure,8
options,3
reviewer,1
simplicity,2
cost-effectiveness,1
robustness,12
12+,1
fp,1
paced,12
registration,2
texas,2
register,3
types:,1
closed,3
cooling,9
towers,2
water,9
air-cooled,1
chillers,1
gas,7
fired,2
boilers,1
air,5
units,12
heating,2
coils,1
heaters,1
packaged,1
pumps,7
dust,1
collectors,2
humidifiers,1
dehumidifiers,1
fans,5
sequences,6
sme,1
ausbildungsbeginn:,2
jährlich,2
zum,10
august,2
oktober,2
ausbildungsdauer:,2
jahre,2
partnerhochschulen:,2
dhbw,2
mannheim,2
hochschule,2
trier,2
hinweis:,2
ausbildungsbeginn,2
dauer,2
und,335
standort,2
abhängig,2
von,140
gewählter,2
studienrichtung,2
ausbildungsmodell,2
fertigungsverfahren,2
mechanik,2
elektrotechnik,8
steuerungstechnik,3
konstruktion,11
technisches,7
zeichnen,2
cad-zeichensysteme,2
sps-programmierung,2
inbetriebnahme,10
projekt-,2
qualitätsmanagment,2
übernahme,4
ein,9
langfristiges,2
arbeitsverhältnis,2
projektverantwortung,2
mitwirkung,13
bei,18
entwicklungsaufgaben,3
weiterqualifizierung,2
durch,5
interne,3
förderprogramme,3
z,2
b,4
projektleiter,2
allgemeine,5
hochschulreife,2
gute,50
leistungen,4
mathematik,2
physik,2
deutsch,2
englisch,2
interesse,5
technik,2
freude,2
am,5
lösen,2
praktisch-technischer,2
probleme,2
grundverständnis,2
räumliches,2
vorstellungsvermögen,2
zeichnungen,8
lesen,2
handwerkliches,2
geschick,2
auffassungsgabe,2
umsetzungsvermögen,2
kreativität,5
methodenkompetenz,2
exakte,2
arbeitsweise,16
zuverlässigkeit,2
kommunikationsfähigkeit,15
flexibilität,2
ausdauer,2
selbständigkeit,2
teamfähigkeit,14
sowie,63
belastbarkeit,2
neben,2
einer,11
praxisorientierten,2
ausbildung,2
bieten,2
wir:,2
überdurchschnittliche,2
ausbildungsvergütung,2
tage,2
jahresurlaub,2
13,2
monatsgehälter,2
vermögenswirksame,2
attraktives,2
arbeitsumfeld,2
moderne,2
betriebsstätten,2
betriebseigene,2
kantine,2
internationalität,2
converters,17
manufacture,13
converter,14
topologies,9
ac,33
dc,53
semiconductor,7
si,3
sic,3
gan,3
mosfet’s,3
diodes,3
gate,4
switching,10
waveforms,4
semi-conductor,4
losses,4
loss,9
inductors,5
transformers,12
capacitors,3
electrolytic,3
film,4
ceramic,3
conversion,14
micro-processors,3
stray,3
inductance,4
capacitance,4
placement,3
strategies,24
generators,8
msee,6
specialized,4
frequency,9
resonant,1
awareness,5
ul,15
qualify,3
metallic,2
electrode,19
foils,1
cans,1
characterization,23
in-situ,1
ex-situ,1
non-compliant,1
enhance,7
metallurgical,9
treating,10
plating,13
rolling,3
exist,1
metallurgy,11
al,1
cu,1
tensile,8
cantilever,1
bending,2
fatigue,9
eds,8
tackling,1
open-ended,1
boutique,1
non-standard,2
corrosion,5
estimated,1
headcount,1
kept,3
works,19
pfmea,12
spc,10
characterize,14
predictive,6
insights,16
r,10
jmp,11
tableau,16
ignition,8
champion,3
class,18
maximize,12
yield,13
capability,20
ideas,14
labor,1
savings,4
poke,1
yoke,1
mes,8
side,2
supporting,30
5s,3
mathematics,8
physical,49
constraint,1
minitab,5
capable,22
boms,4
methodologies,29
ergonomic,3
variation,6
human,4
factors,6
disaster,2
types,14
tracing,5
consult,7
its,26
mssql,6
sqlite,1
doing,5
noc,5
bridges,5
outage,6
calls,15
habitual,5
documenter,5
spreader,5
less,7
vs,11
endless,5
get,17
dirty,8
mistakes,9
7*24,2
datacenter,4
real,15
time;,2
judge,2
severity,4
charge,4
trouble,2
shooting,2
second-line,2
escalate,22
till,2
solved,5
realize,5
results;,2
vmware,5
vm,2
ping,2
telnet,2
mtr,2
curl,2
traceroute,2
tcpdump,4
would,18
helpful,6
narratives,4
safely,11
reliably,5
lists,5
greenfield,4
leveraging,3
combination,4
in-house,19
3rd,13
resources,30
plant-wide,2
supervisory,3
unplanned,2
centralize,2
leverage,18
ramp-up,3
brownfield,2
participating,12
hazops,3
beckhoff,12
allen,6
bradley,6
honeywell,5
environments:,2
purity,3
specialty,4
chemicals,6
food,2
pharmaceuticals,3
bulk,3
solids,4
powder,18
blending,4
spray,5
coatings,10
crushing,3
milling,7
sorting,4
sieving,5
separation,5
calcining,2
washing,2
leaching,3
filtration,4
concentration,3
precipitation,2
crystallization,4
who,7
training,54
diving,1
pcs,2
uses,1
translate,14
blockers,4
arise,10
evaluating,8
integrates,2
cameras,6
ui’s,1
generating,5
alerts,4
periodic,4
motive,1
ongoing,8
straightforward,1
quantitative,13
internet,5
dealt,1
openness,2
spectrum,5
comprehension,3
devops,16
helm,2
ci,12
cd,10
experiments,26
recreate,3
sciences,2
alongside,5
aid,5
technician's,1
typically,1
fabricating,1
connect,3
tear,3
useable,1
primarily,3
multitask,5
handful,1
requiring,9
oversight,5
blocked,1
crimpers,1
splicing,1
workmanship,1
built,10
confirm,3
matches,1
aware,1
rules,5
sizing,3
fusing,3
wires,2
removing,2
connector,4
white,5
onto,1
upon,5
cluster,18
useful,6
automations,2
organize,37
retention,3
ticketing,12
architects,7
easily,6
little,3
submitted,2
tickets,9
relating,5
submissions,2
with:,4
flavors,2
centos,3
rhel,2
ubuntu,3
chef,6
ganglia,2
telegraf,2
administering,2
schedulers,2
slurm,2
lsf,2
gpu-based,2
compute,7
on-prem,8
in-cloud,2
absolute,5
musts,2
multi-site,2
hybrid,5
eda,3
ml,2
huge,5
containers,5
singularity,2
accelerators,3
fpga,2
asic,2
center,7
universal,1
isomorphic,1
single,9
page,2
front-end,12
reactjs,8
you’ll,1
reusable,10
leveraged,3
extend,5
nodejs,7
object-oriented,10
http,7
preferentially,1
confluence,12
agile,15
methodology,13
transport,3
json,7
yaml,3
semantic,1
markup,2
responsive,10
preprocessors,1
sass,1
es6,4
ajax,2
asynchronous,2
caching,4
consuming,3
api's,2
soap,1
tdd,1
npm,3
frontend,12
tools:,10
gulp,1
webpack,4
babel,3
>=php7,1
drupal,2
8,3
api,12
emphasis,6
hosting,1
unix,15
rfg,1
vde,2
4105,1
47772,1
ieee,5
1547,3
1741,3
sa,1
en,12
50549,1
0126-1-1,1
cei,1
0-21,1
g99,1
g98,1
routes,7
autopilot,41
criteria,16
xray,9
familiarize,7
real-world,14
ad-hoc,10
specifically,16
requested,8
triage,18
abnormal,7
proprietary,10
developers,31
comments,7
if,17
condition,8
"needed
requirements",7
habits,7
observational,8
particularly,12
cli,8
navigational,7
adas,11
brakes,7
assisted,7
steering,12
lack,8
contain,7
extremely,25
costs,10
forecast,3
spend,2
cogs,1
present,15
payback,3
ways,36
overcome,3
obstacles,4
despite,4
setbacks,3
documenting,4
multilevel,1
bill,11
hierarchy,1
relates,2
workplace,5
processor,1
spreadsheet,1
discipline,23
desired:,6
hundreds,2
thousands,3
millions,4
account,2
capabilities,15
standardize,4
baseline,2
quantify,8
recipes,1
measures,3
metrological,1
workload,11
chemistry,22
li,4
problem-solving,36
passion,28
fantastic,1
means,3
outstanding,18
propulsion,2
latencies,1
jerk,1
uptime,13
implements,2
especially,14
braking,3
involved,7
life-cycle,1
mission-critical,5
implementations,10
hard,10
unfamiliar,1
grade,1
sw,8
scratch,5
sensor,26
laboratory,49
drives,6
range,20
senior,11
front-end:,1
back-end:,1
rails,4
net,19
c#,18
angularjs,2
micro-service,1
well-organized,1
retains,1
customization,3
genuine,1
curiosity,7
independently;,2
focused,9
rough,2
po,2
fdr,2
fat,3
sat,3
sop,4
ramp,13
station,3
versus,5
manual,13
buffering,2
redundancy,3
utilities,9
pdps,2
compressed,2
chats,1
verify,8
visit,10
oversee,6
handover,4
sustaining,11
ramps,1
concepts—such,2
balancing,6
charts,6
fixturing,3
tolerance,21
category,2
robot,7
guarding,2
curtains,2
loto,3
osha,5
displays,1
hub,1
inductive,4
charger,2
circuitry,3
discussion,3
cross-functioning,1
tech,3
select,1
roadmaps,4
socs,2
micro-controllers,2
video,10
hdmi,1
displayport,1
mipi,1
full-scale,1
person-to-person,1
road,8
map,4
mitigations,6
act,8
subject,8
matter,8
risk-based,4
partnerships,3
organizations,13
objectives,14
partnering,1
sponsor,1
dependent,4
c-level,1
engagement,6
strategic,7
evolving,6
improving,12
policy,5
maintained,12
completion,10
artifacts,2
roll-out,7
partnership,3
ambiguity,5
total,1
cyber,3
domains,6
authorization,3
vulnerability,3
defining,25
consensus,3
aligning,3
governance,3
amounts,6
audit,7
privacy,2
allow,5
pm,1
recommendations,23
applicable,28
relate,4
back,6
red,1
defined,10
timelines,21
response,3
sources,6
about,29
staff,13
output,3
depict,1
story,3
standardized,2
visualizations,8
pipelines,34
dashboard,3
enhancement,2
acquire,2
secondary,2
empower,7
exploratory,1
underlying,2
validations,2
opportunities,15
bottlenecks,8
inconsistencies,2
eventually,1
data-driven,9
decision,16
diverse,9
performed,8
collected,3
mining,1
markets,8
competition,1
conflicts,5
kpis,5
decision-making,1
background:,1
navigate,7
environment;,4
enjoys,7
authority,3
desired,39
pod,1
operator,6
streaming,4
pipeline,18
architect,13
automatically,3
notifications,2
event,3
easy,2
paradigms,1
microsoftsql,1
oracle,8
mongodb,5
elasticsearch,5
hbase,8
grpc,7
tracks,8
elasticsearch+logstash+kibana,2
tesla's,16
broken,2
state-awareness,2
locate,2
deprecate,2
unused,2
re-deploy,2
reschedule,2
under-utilize,2
every,8
quarter,2
12,9
commits,8
commit,2
250,2
missing,3
examples,6
toil,2
eliminating,2
polish,2
runbook,2
sops,3
hive,4
tuning,8
troubleshooter,2
authored,2
db,3
jobs,6
grafana,7
prometheus,14
vividcortex,2
icinga,2
munin,2
cacti,2
integral,3
member,20
strace,2
gdb,4
lsof,2
netstat,2
backups,8
replication,2
piece,2
anything,4
ingesting,1
querying,2
always,4
seeks,1
modelingeg,1
restful,12
passionate,13
world-class,10
gineering,1
low-voltage,2
lv,5
transitions,2
sleep,2
wake,2
sentry,2
consumption,2
hw,6
emulate,3
external,59
inputs,6
rigorous,2
issue,15
reproduction,7
look,8
satisfaction,8
protect,10
reputation,10
cutting-edge,15
producing,15
world’s,10
exciting,11
paradigm,10
personal,23
transportation,9
acid,2
batteries,13
interest,11
accommodate,4
thermodynamic,1
cyclers,1
eis,1
interpretation,11
literature,3
homologation,22
dynamometers,7
configure,4
automated-driving,3
official,3
witnessed,3
agency,3
officials,3
checks,13
correlation,4
calibration,21
certificates,4
vehicle-level,3
epa,2
wltp,2
nedc,2
dyno,13
coastdown,2
fmvss,2
cmvss,2
ece,2
parties,8
scan,5
instrument,13
accelerometers,6
national,17
instruments,17
somat,4
edaq,4
software-based,6
up-time,3
companies,3
maha,3
avl,3
horiba,3
stähle,3
ltg,3
hioky,3
conjunction,4
accredited,2
institution,2
25%,11
interior,11
aforementioned,3
commodities,4
customer-driven,2
luxury,1
weight,9
initiated,2
interiors,6
craftsmanship,31
fit,13
dfss,10
serviceability,9
competitive,9
pricing,1
dfmea,27
dvp&r,6
executed,2
accordingly,8
regarding,6
ppap,3
pv,8
jig,2
europe,1
either,12
locally,1
ccc,1
gb,2
msme,2
dfa,1
d,1
p,3
aar,2
mentality,7
licensed,5
reviewing,7
approving,5
rfi’s,2
currents,2
transformer,2
over-current,2
approaches,12
drop,3
calculations,9
know,4
skm,3
sel,3
cooper,2
relays,4
impossible,2
“never,2
say,2
die”,2
achieving,4
amazing,2
nj,2
tx,2
made,4
breakers,4
feeders,2
accordance,2
nec,7
approve,2
professionals,3
adjusting,2
switchgear,5
ubc,2
hazmat,2
regular,13
on-board,3
aftersales,2
specialists,4
onsite,9
availability,20
off-hours,4
summarizing,8
proposals,10
heads,3
engage,6
committees,2
interests,3
deficiencies,3
addressed,4
revised,3
tightly,4
economical,3
reducing,4
were,2
since,2
entered,2
foreign,6
berlin,4
gigafactory,4
california,4
incoming,7
before,7
pushing,3
w,6
intuition;,2
masters,3
personality,13
3dx,4
but,63
mandatory,10
plastic,19
extruding,4
casting,14
welding,24
brazing,11
bonding,8
fastener,16
supervise,1
files,3
de-risk,5
de-risking,5
meets,10
host,16
camera,11
module,18
arbitrary,1
waveform,1
vna,3
ca;,1
california;,1
austin,2
relocate,4
duration,4
internship,14
vollumfängliche,1
einrichtung,3
hochkomplexer,1
anlagen,16
bezug,3
auf,12
hard-,3
koordination,7
begleitung,3
analyse,7
abnahmeläufen,3
bis,6
zur,22
endabnahme,3
den,35
kunden,3
umsetzung,10
aller,6
notwendigen,4
maßnahmen,7
erreichung,3
der,108
prozessspezifikation,1
leistungsparameter,3
erstellung,23
vorlagen,1
dokumentation,11
durchgeführten,3
tätigkeiten,3
aktivitäten,4
prozessinbetriebnahme,6
organisation,4
technischen,12
besprechungen,3
erstellen,7
präsentationen,3
kommunikation,6
interaktion,3
mit,72
internen,25
fachabteilungen,7
eigener,3
ebene,3
führungskräften,3
vom,3
optimierungsansätzen,3
innerhalb,9
einzelner,4
maschinen,20
hoher,1
komplexität,1
prozess-,6
ablaufbeschreibungen,3
übersichten,3
prozessanalyse,3
komplexen,10
optimierung,9
prozessparametern,6
inbetriebnahmeprozessen,3
vorbereitung,4
durchführung,10
maschinenabnahmen,3
inhouse,3
fremdmaschinen,3
erarbeitung,11
validierung,3
prüfplänen,3
8d,6
statistische,3
datenanalyse,3
datenbasierte,1
korrektiver,1
fachliche,10
führung,7
anleitung,14
mitarbeitern,8
abstimmung,10
gruppenleitern,3
vorgesetzten,5
fach-,3
hochschulstudium,8
maschinenbau,14
automatisierungstechnik,8
sehr,27
kenntnisse,25
automatisierungs-,1
im,47
einschlägige,1
tiefgreifende,1
erfahrung,27
weltweiten,3
gutes,3
prozessverständnis,3
bspw,12
bereich,12
lasertechnik,3
relevante,1
anwendung,4
statistischer,4
methoden,4
nutzung,3
internationale,1
reisebereitschaft,11
externen,15
ansprechpartnern,11
deutsch-,13
englischkenntnisse,17
wort,16
schrift,16
sit,1
fixes,10
her,3
his,3
simultaneous,5
dc-dc,1
practice,5
qualifications,5
high-value,1
"end
work",1
could,10
"issues
build",1
reproducible,6
petabytes,5
series,6
"technologies
build",1
iterate,7
hyper,2
parameter,2
"etc
evaluate",1
justify,3
"performance
schedule",1
humans,1
predictions,1
ones,6
invent,10
give,5
talks,4
value,10
pandas,8
numpy,13
octave,4
smart,21
humble,18
scheduling,4
ie,20
computing,20
hdfs,5
presto,6
scala,13
proposal,5
spanning,3
affecting,3
submission,4
limited,15
marketing,5
compelling,1
quotes,1
close,11
mba,1
economics,1
hypothesis,2
electricity,3
coating,3
pressing,1
slitting,1
coin,4
pouch,3
cylindrical,1
travelers,2
dry,2
room,5
air-sensitive,4
hazardous,14
average,2
dexterity,1
acuity,1
delicate,2
roll,5
autopilot’s,1
continue,2
consumers,1
ai,5
neural,22
labeling,3
c++11,5
14,2
17,1
20,1
multithreading,4
involvement,7
bare-metal,12
systematically,1
known,1
reoccurring,1
mine,2
fingerprint,1
programmatic,1
occurrences,1
occurs,2
publish,3
benefit,5
opportunity,2
escalated,4
commission,6
list,5
serviceable,1
replacement,1
obsolete,1
intuition,10
software-enabled,3
many,33
ecus,2
coordinating,8
exercise,10
drivers,14
verilog,2
micro-architecture,1
location,2
body-in-white,2
best-in-class,2
nvh,9
crash,12
vehicle-aligned,2
investment,2
conformation,2
federal,6
"engineering
activities",2
specified,2
commodity,4
insuring,2
engineering;,4
0-3,1
body,23
biw,3
"and
launch",2
state-of-the-art,15
"manufacturing
methods",2
lightweight,4
recyclable,2
aluminum,9
flexibly,2
vague,4
convert,2
statements,3
me,5
fw,2
seamless,1
multitude,3
3-phase,1
split-phase,1
single-phase,1
dyno’s,1
nfpa,3
70,2
altium,18
matplotlib,4
pytest,4
ranging,2
amplifiers,1
scpi,2
modbus,4
fe,4
crashworthiness,2
post-crash,1
correlate,7
correlated,1
pre-processors,1
solvers,3
post-,1
processors,2
ansa,3
primer,1
ls-dyna,2
hyperworks,4
meta,1
nastran,3
abaqus,3
composite,4
deconstruct,2
iterative,9
roles,6
operators,8
getting,6
immersed,5
flows,9
adjust,8
adaptive,6
inspect,13
deployed,12
test-automation,5
handle,25
promptly,7
testable,9
maintainable,14
high-impact,6
scada,13
browser,5
app,7
queues,5
revolutionary,3
unique,6
challenge,2
established,13
traditional,1
collaboratively,12
virtual,4
loads,9
suitable,1
closures,8
chassis,12
sub-systems,1
pivotal,1
optistruct,2
ls,1
dyna,1
pre-processor,1
msc,1
adams,1
quasi,1
explicit,1
viewed,1
favorably,1
unusual,1
difficult,11
qualification,10
gr&r,1
tester,7
handoff,2
guides,7
spares,1
smoothen,1
testers,7
diagnoses,6
effectiveness,6
ladder,3
structured,14
controller,6
allen-bradley,5
24,7
attended,1
presenting,2
digestible,1
engineered,1
compiled,1
aesthetic,6
wire-harnesses,6
10+,5
integrating,14
fea,14
offer,3
mep,1
thought-out,1
cost-effective,2
bim,2
strategically,1
analytically,2
impacts,6
contracts,3
stage,2
upcoming,6
benchmark,8
exposures,1
biddable,1
contractor,1
bids,1
estimates,5
templates,2
bidding,1
closing,1
ambitious,1
budgeting,1
initiative,5
cycling,8
circulators,2
destructive,6
highest,11
statement,2
refine,10
informed,3
rely,2
allowing,3
self-serve,3
figure,4
lognormal,2
exponential,2
survival,2
day-to-day,3
everyday,1
items,5
shaker,4
tables,5
justification,1
third,5
preventative,6
electrodynamic,1
ed,1
mts-329,1
simulator,1
mts-mast,1
table,1
chambers,3
form,20
basis,12
proportion,1
outsource,1
overflow,1
panels,8
multi-meters,1
etc…,1
solder,4
79,1
formulate,1
stories,2
wireframes,2
mockups,4
together,9
resiliency,2
practicing,2
test-driven,3
plus:,2
websockets,4
mtls,2
oauth,2
iot,5
homekit,2
thread,4
chip,7
arduino,3
raspberry,2
pi,2
distill,8
carrying,3
verified,2
impacted,4
degrees,4
canape,4
pcan,1
explorer,1
haras,5
reno,3
nv,3
bellevue,5
wa,5
employ,3
industry-leading,2
open-source,3
back-end,8
trillion+,2
highly-available,2
extending,3
multi-tenant,2
self-serviced,2
scientists,9
technically,4
culturally,2
concurrency,2
deeply,3
optimizing,11
simplest,5
yet,5
dependable,5
trustworthy,4
sre,5
openings,2
entry,4
interfacing,5
hpc,1
tending,1
shortages,1
have:,11
relations,1
skills:,7
bonus,2
bolted,1
joint,12
selbständige,2
planung,2
prozessspezifikationen,2
erfolgreich,5
abgeschlossenes,14
mechatronik,2
bzw,4
in-,10
ausland,10
hohes,3
maß,3
eine,14
organisierte,8
selbstständige,13
umgang,12
gängigen,13
anwendungen,14
entwicklung,15
softwareprogrammen,2
für,36
sps-steuerungen,2
verantwortung,2
einhaltung,2
programmiermethoden,2
-vorgaben,2
komplette,2
konzepten,2
beispiel,2
automatikfunktionen,2
kalibrierfunktionen,2
kollisionsvermeidung,2
produktverfolgung,2
rework,10
einbindung,2
unerfahrenen,2
software-ingenieuren,2
entwicklungsprozess,2
intensive,2
zusammenarbeit,9
verschiedenen,2
wie,4
elektroplanung,2
qualifikation,2
abnahme,3
automatisierungslösungen,2
funktionsabläufen,2
prozessen,2
dokumentationen,3
bedienungsanleitungen,2
studium,4
technische,6
informatik,4
eines,4
vergleichbaren,2
studiengangs,2
maschinenorientierten,2
programmierung,3
mittels,2
"""structured",2
"text""",2
reisen,3
zu,13
anderen,8
standorten,3
des,27
konzerns,3
sind,3
sie,8
bereicherung,3
aufgabenfeldes,3
dynamische,3
umgebung,9
sich,3
verändernde,3
rahmenbedingungen,6
motivieren,3
zusätzlich,3
begeisterung,6
technisch,4
komplexe,6
aufgabenstellungen,6
fähigkeit,9
dynamischen,5
arbeiten,9
trending,1
occurrence,1
board-level,3
isolate,3
fa,1
buy-in,1
urgency,2
preventive,2
issues;,3
upfront,1
mitigated,2
dfmeas,8
desired;,1
candidates,14
coops,1
participation,3
student,8
competitions,3
formula,15
sae,8
baja,4
sae;,1
vehicle;,1
synthesize,2
equipment-related,2
recover,1
routines,5
exceeds,1
sufficient,11
buyoffs,1
interdisciplinary,6
foundations,1
ramping,1
motion,8
know-how,1
kick,1
approach,17
acad,3
backup,1
restoration,1
proofread,1
strings,1
localized,1
edge,7
negative,1
regions,6
created,2
bug,2
includes:,1
hebrew,1
romanian,1
greek,1
croatian,1
turkish,1
arabic,1
hungarian,1
malay,1
serbian,1
hindi,1
0-3+,1
demanding,4
stash,3
communicator,5
microservice,5
mock,1
pages,1
vetted,1
iterated,1
application’s,1
prioritization,5
jsonb,1
micro-services,1
endpoints,1
interaction,4
team-centric,1
stand,3
ups,4
sprint,1
committing,1
vuejs,1
polymeric,3
elastomeric,3
completed,3
assessing,2
polymers,7
“concerns”,2
trace,2
spectra,2
agreeable,2
business-wide,2
coupon,3
polymer,10
considered,17
5-10,2
post-graduation,1
preferable,1
exhibit,17
to:,1
blow,1
compression,4
thermoforming,8
extrusion,5
defects,4
observed,11
specimens,1
additives,1
fillers,1
reinforcements,1
textiles,2
flocking,1
paints,4
sem-eds,1
ftir,7
dsc,5
tga,7
mfi,1
cti,1
comparative,1
index,1
rheometry,1
viscometry,1
uv-weathering,1
apparatus,1
hygrothermal,1
hardness,6
cross-section,1
property,12
prerequisite,1
top,14
appearance,7
forklift,4
orders,2
magnitude,2
asynchrony,2
whiteboarding,2
pair,2
machine-to-machine,1
brokers,1
kinesis,1
choose,3
relational,9
dbs,4
rds,4
cockroachdb,2
caches,3
redis,3
elastic,3
search,4
s3,4
private,6
time-series,6
influxdb,2
argocd,2
nice-to-have,5
image,15
opencv,3
pytorch,4
keras,1
keyance,1
traceability,2
context,2
orthogonal,1
topics,5
iso,6
26262,1
photography,1
performing,19
type,8
supported,5
selenium,5
analyst,4
initiate,11
company-wide,2
ba,3
appium,2
stlc,2
–alm,2
zephyr,2
client-server,2
black,3
box,15
grey,2
maschinen-,2
produktionslayouts,1
detaillierte,1
simulationen,1
montage-,1
fertigungslinien,1
grafische,2
gestaltung,1
maschinenmodule,1
maschinenkomponenten,1
konzipierten,1
externe,1
ua,1
nach,2
handskizze,1
oder,27
vorgaben,1
aufbau,3
weiterentwicklung,4
systemen,1
standardisierung,1
enge,5
schnittstellen,5
tagesgeschäft,1
unterstützung,12
einarbeitung,3
inkl,3
detaillierter,3
ergebnisprüfung,3
aktive,6
weiterentwicklungen,1
innovationen,1
fachbereich,1
maschinenbaus,1
wirtschaftsingenieurwesens,1
wirtschaftsinformatik,1
vergleichbar,1
visualisierung,1
produktionsprozessen,1
materialflüssen,1
logistischen,1
abläufen,1
tecnomatix,1
vba,2
sichere,6
methodische,6
professionelle,6
ideenfindung,8
lösungsorientiertes,3
organisationsfähigkeit,3
planerische,3
konzeptionelle,3
fähigkeiten,3
eigeninitiative,10
motivation,14
kontinuierlichen,12
verbesserung,11
prozesse,10
umsetzungsstärke,3
verantwortungsbewusstsein,3
strukturierte,10
problemanalyse,10
lösungsfindung,10
stack;,2
depending,2
might,1
high-framerate,2
gpu,8
kernels,1
memory,4
libraries,7
inter-process,2
replay,2
performant,4
compiler,2
next-generation,1
fsd,1
inference,1
nets,1
amongst,1
helping,4
generalize,1
too,1
much,2
abstraction,1
bottleneck,1
hardcore,2
lower-level,2
cross-compilation,1
imaging,17
cuda,5
opencl,2
simd,2
posix,2
samples,26
pre,11
post,18
bend,7
voc,2
odor,2
fabricated,9
metallographic,16
objectively,6
sound,14
whilst,8
maximizing,7
efficiencies,8
statistically,8
assets;,7
calibrated,8
serviced,6
author,12
healthy,8
enforcing,7
procedures;,6
complying,8
"to:
suppliers",2
"samples
process",2
"fields
candidates",7
doe,8
labs,12
neuen,12
prozesstechnologien,1
versuchsträger,1
aus,1
dem,12
forschung,4
elektrischen,1
mechanischen,1
montage,1
spezifikationsgerechten,1
prototypen,2
testsystemen,1
versuchen,1
vorgabe,1
entwicklungsingenieure,1
auswertung,9
versuchsergebnissen,1
fehlersuche,1
versuchsträgern,2
lösungsvorschlägen,1
bedienung,1
parametrisierung,1
komponenten,1
rahmen,6
neu-entwicklungen,1
produktionsanlagen,1
entwicklungsprojekten,2
fachspezifische,1
berufsausbildung,3
elektroniker,1
betriebstechnik,1
erste,4
berufserfahrung,8
ms-office,4
vorhandene,3
konstruktionserfahrung,3
wissen,3
methodik,3
jüngere,1
mitarbeiter,7
weitergeben,3
komplexeren,5
baugruppen,7
gesamten,7
enger,3
gruppenleiter,5
berücksichtigung,6
gesetzlichen,5
normen,5
richtlinien,5
bestimmungen,5
konzeptstudie,5
unserer,1
maschinenkonzepte,1
konstruktiven,5
detaillösungen,5
dazugehörigen,5
berechnungen,5
sämtlicher,7
unterlagen,5
stücklisten,5
bestelllisten,5
pneumatikpläne,5
systemdiagramme,5
zeitfunktionsdiagramme,3
programmablaufpläne,5
risikoanalyse,5
zusammenhang,2
konstruktionen,1
stehen,1
prozesstechnischen,5
entwicklungen,5
deren,8
realisierung,9
unterlieferanten,3
stakeholdern,6
konzeptionsphase,1
teilnahme,5
projektmeetings,5
kleineren,1
mitarbeiterteams,1
auszubildenden,3
fachhoch-,5
schwerpunkt,5
konstruktionstechnik,5
vergleichbare,7
qualifikationen,6
umfassende,3
maschinenkonzepten,5
sondermaschinenbau,5
fundierte,3
leitung,3
technologisch,1
anspruchsvollen,1
hoch,1
-projekten,1
zieldefinition,1
konzeptualisierung,1
über,1
technologie,1
sondermaschinen,1
hin,1
produktionsstart,1
dabei,1
teilverantwortung,1
definierte,1
projektbereiche,1
projektmitarbeiter,1
verantwortliche,1
steuerung,6
kontrolle,4
operativen,1
sicherstellung,5
realisierbarkeit,1
anforderungserfüllung,1
unter,1
kosten-,1
terminvorgaben,1
prüfung,13
entwicklungs-pflichtenheften,1
beteiligten,2
endkunden,1
lieferanten,1
überwachung,2
laboraufbauten,1
testläufen,1
eigenverantwortliche,4
entwicklungs-status,1
anschließender,3
ergebnisanalyse,1
einleitung,1
weiterer,1
schritte,1
prozessentwicklung,1
qualitätssicherung,1
qa-abteilung,1
informationsflusses,1
zwischen,1
entwicklungsteam,1
abschluss,1
ingenieurwissenschaftlichen,1
studiums,1
bereichen,1
mess-,1
regelungstechnik,1
ingenieursbereich,1
produzierenden,4
gewerbes,1
dymanischen,1
35%,5
supports,8
troubleshoots,5
provides,13
20%,7
phone,16
duties,20
responsibilities:,5
orally,7
persons,7
guidelines\standards,5
timeframes,6
updated,7
policies,15
requires,12
education,11
intermediate,6
provisioning,11
avaya,7
ecosystem,8
wired,7
sccm,7
lan,5
dsl,5
active,21
directory,10
2007,9
2010,8
smartphones,7
blackberry,5
droid,5
iphone,5
ipad,5
pc’s,5
powerful,5
workstations,5
laptop,6
altiris,5
setup-,5
virtualization,12
offices,5
team-player,5
thrive,13
ethical,8
self-driving,2
autosteer,2
summon,2
hardware-in-the-loop,2
vast,2
craft,3
detected,4
fix,10
testability,3
system-level,7
traveling,4
domestic,8
destinations,3
roads,3
proving,8
grounds,7
undergraduate,2
things,10
high-availability,1
migration,1
cloud-native,1
microservices,5
messaging,6
saas,1
service-oriented,3
developments,1
others’,1
acclaimed,2
facing,10
protecting,1
customer's,1
insurance,3
even,4
descriptive,1
experimentation,1
iteration,3
billing,1
first,27
tackle,9
result,3
multithreaded,3
adc,2
pwm,2
significantly,4
mindset,4
keen,2
follows,5
images,1
labels,3
researchers,3
scikit-learn,5
mapreduce,1
ec2,2
tailor,3
bringup,10
incrementally,2
kernel,8
container,4
hypervisor,2
dmm,3
kgdb,2
jtag,4
upstream,4
bootloaders,2
graphics,10
wayland,3
mesa3d,3
dri,3
drm,3
degradation,18
electrochemical,9
glove,2
chemistries,7
explore,7
hand-on,1
academic,9
decode,1
outputs,1
consumable,2
visualizing,1
compose,1
massive,1
offline,6
clients,2
api’s,1
well-understood,1
anticipated,1
production-level,3
c++;,3
later,3
generic,3
mathematical,6
linear,17
algebra,5
calculus,3
probability,4
math,6
eigen,3
kalman,1
filter,2
particle,1
slam,1
lti,1
outlier,1
rejection,1
reasoning,4
intrinsic,1
extrinsic,1
calibrations,1
homogeneous,1
coordinates,3
projection,1
matrices,8
epipolar,1
geometric,3
odometry,5
knowledge:,1
merging,3
branches,6
cherry-picking,3
examining,3
diff,3
hashes,3
particularly:,3
feature-specific,3
squashing,3
rebasing,3
breaking,3
easily-digestible,3
diffs,3
comprehensive,9
repeatedly,5
parsing,4
repository,1
fetching,1
preprocessing,3
orchestrating,1
runs,1
persistence,3
weekly,7
nightly,1
cpu,5
nodes,2
ultimately,2
convergence,1
particular,2
hardware-software,1
utilization,4
art,5
gpu’s,1
optional:,3
profiling,2
cpu-gpu,1
pipelining,3
transfers,3
dealing,1
amount,1
recognition,2
segmentation,4
convolutional,3
classification,2
multi-sensor,2
fusion,3
postprocessing,2
operates,1
understands,5
latency,4
multiprocessing,2
cutting,13
hood,2
layer,3
backpropagation,2
speech,2
nlp,2
another,7
tensorflow,2
mxnet,2
scipy,5
jupyter,2
notebooks,2
game,14
fun,4
publishing,5
closure,22
conceptualize,4
components;,2
innovation-driven,3
styling,11
studio,5
optimal,9
selections,4
exterior,8
design;,3
tree,12
gf3,2
consultant,3
insight,8
chinese,8
can-do,5
ethics,5
inquisitive,2
oem,3
tier-1,3
washer,2
wiper,2
rear,3
view,3
mirrors,2
movable,2
glass,14
six,5
sigma,5
redx,2
kepner,2
tregoe,2
hemming,2
painting,2
ga,2
sla,4
sls,2
printing,4
cmm,2
blue,4
scanning,4
mandarin,2
dfmea-based,1
procure,4
suggest,7
comply,3
post-processing,4
specifying,6
teamwork,2
pro-actively,2
home,2
successes,1
1kv,1
[30%],9
mac,3
urgent,3
[10%],3
redirect,3
correct,8
365,7
touch,3
whenever,3
desk,10
patience,5
customer-friendly,3
answering,4
itil,9
enhancing,2
graphical,1
vulkan,1
opengl,2
shader,1
unreal,1
multi-threaded,2
trigonometry,1
exporters,1
terrain,1
editors,1
researching,1
characterizations,1
electrodes,2
arrange,2
fill,1
organizing,4
benches,4
cylinders,2
xrd,4
psa,3
bet,3
wet,3
slurry,2
mv,3
bess,3
sync,3
ahjs,1
contractors,3
constructability,2
rock-solid,4
ethic,4
display,4
ground,8
landscape,4
ampacity,1
protective,1
flash,1
grounding,2
ieee80,1
bid,1
rfis,1
notices,1
renewables,1
epc,3
microgrids,1
attributes,5
mediation,2
trade-off,2
attribute,14
bucks,3
pre-series,2
top-level,2
completeness,3
compatibility,8
2-5,7
advantage,10
pacific,2
articulate,3
pilots,2
person,2
globe,1
self-managed,4
committed,7
iec,13
manipulation,6
returned,3
reproduce,2
narrow,1
workaround,1
mitigation,5
shanghai,2
hq,2
description,3
article,2
vital,1
measurements,11
impedance,2
check,3
dumps,1
gtw,1
soc,3
eth,1
regulator,1
bench-level,1
reboot,1
restart,1
vib,1
power-up,2
power-down,1
x-rays,1
damages,1
joints,4
pins,1
in-line,1
connection,2
fab,1
house,3
skillset:,2
oscilloscope,8
awesome,2
cms,1
mediums,3
screen,2
sizes,4
internalize,1
accessibility,5
nimble,4
producers,4
dom,4
jest,2
enzyme,2
express,2
mastery,6
cross-browser,2
seo,1
browsers,2
css3,3
calculation,1
realization:,1
testing:,1
resultant,1
patents,1
3-d,2
disciplinary,1
multi-cultural,3
deadline,2
situation,2
cmf,6
accessories,1
mastering,5
color,2
intent,3
adaptable,1
parallel-path,1
truly,1
positively,5
mos,9
enterprise,17
enterprise-scale,4
subsequent,4
angular,15
js,4
nfpa79,3
ul508a,3
compliant,8
aesthetically,3
screens,4
grr,4
cpk_,2
"engineers

requirements:",2
eol,4
end-of-line,2
burn-in,4
conveyor,2
plc’s,2
ni,9
teststand,3
rates,6
devise,5
inspecting,1
fmeas,1
pfmeas,3
reliability-focused,1
experience;,3
aerospace,6
propagating,1
reverse,1
attitudes,2
principles:,2
alt,2
halt,3
prediction;,2
mttf,2
aging,2
competence,1
passive,4
reflow,1
through-hole,1
selective,1
characteristics,2
technique,2
permanently,1
enjoy,3
turnaround,1
modification,8
enclosures,3
holistic,3
7+,1
outdoor,3
knowledgeable,4
renewable,9
obtaining,3
trend,1
asia,1
documentations,1
connections,3
recommendation,2
steps,8
resolved,4
remedies,1
collects,1
applies,1
computations,1
adheres,1
hand-held,1
required;,3
wrike,3
quickbase,1
transcribing,1
words,1
non-native,1
speakers,1
impeccable,1
media,1
thinks,1
ahead,2
suggests,1
toward,5
inevitable,1
mid-project,1
corrections,1
sgml,1
eligibility,1
germany,2
validated,6
system:,2
acceptance,10
trials,15
trails,2
panel,6
spec,7
experience:,2
library,6
quo,2
modify,10
chains,2
debugger,2
e-plan,3
respect,3
cp,2
cpk,2
dc-to-ac,1
dc-to-dc,1
interacting,1
900v,1
100,1
000+,1
malfunctions,1
system’s,1
signature,1
uniquely,2
identifies,1
recent,1
4-8,1
first-hand,2
outlining,2
integrators,8
selected,2
mix,4
mass-produced,2
weeks,2
nitrile,5
rubber,5
adequacy,2
logistics,13
compile,8
filing,1
propensity,4
nrtl,2
banks,2
gannt,2
lay,1
ria1506,1
example,4
conveyance,2
asrs,1
retrieval,1
exemplary,2
motors,8
kinetix,1
middleware,1
user-space,1
dsp,4
alsa,1
audioflinger,1
aerodynamic,10
innovate,3
wind,9
tunnel,7
pre-production,3
simplification,2
surface,5
mesh,1
hypermesh,1
ccm+,2
aerodynamics,2
batch,7
sqs,1
orchestrators,1
stores,2
indexers,1
postgresql,3
协助工程师完成电池车间工艺文件准备工作,1
协助工程师开展日常工艺及设备管理工,1
协助工厂是完成电池车间工艺纪律，质量检查及设备点检,1
协助工程师电池车间开展生产的日常管理工作,1
负责电池车间文档管理，日常例会纪要,1
协助ehs部门进行安全检查,1
在快节奏和优先级不断改变的环境中，能够充满活力并高度自律的工作,1
出色的口头和书面沟通能力,1
保证每周至少4天的工作时间,1
工程背景（电气工程,1
机械工程,1
自动化,1
电化学）的本科或硕士在读学生,1
shortest,1
path,7
simulate,7
including;,2
adherence,3
exchangers,5
compressors,5
transfer,34
thermodynamics,8
thermals,3
picture,2
pedestrian,2
autonomous,9
emergency,2
departure,1
avoidance,2
off-site,3
trips,3
"and
operators",1
less-experienced,1
"engineer
requirements",1
2-year,4
credentials,1
"dynos
or",1
limit,2
25d,1
overseas,2
apd,1
virtuoso,1
foundry,1
osat,2
lathrop,2
adhesives,4
paint,3
thermoplastics,2
fluids,13
lubricants,2
elastomers,3
composites,4
pursing,2
former,2
manufacturer,2
turning,3
wrenches,2
putting,2
connected,6
codebase,3
well-tested,2
cooperation,1
bachelors,3
highly-reliable,1
frequent,1
gigafactory3,1
covering,2
over-the-air,1
5why,1
navigation,2
obstacle,1
ship,2
entirety,1
shipped,4
fast-pace,1
unsolved,1
web-based,2
analysts,2
es6+,3
graphic,3
sensibilities,3
threejs,1
history,3
accomplishments,1
whether,1
linux-class,1
hosts,1
audience,1
heavily,2
regulated,1
don’t,1
characterized,3
expert:,1
readiness,9
given,5
point-of-contact,3
dedicated,1
highlight,5
n-th,1
post-production,3
standard:,2
semitruck,1
roadster,2
responsibilities,3
remediation,7
hardening,4
penetration,4
investigative,2
start-to-finish,1
ownership:,2
boards,4
thoroughly,1
mature,3
of:,3
mosfets,1
op-amps,1
regulators,1
variance,1
dissipation,2
reason,3
fail-safe,1
entrepreneurial,2
packs,2
greater,3
simulating,5
mortem,2
synthetic,2
floor,1
sheets,1
elevation,1
as-built,2
assurance,2
consider,4
corporate,9
culture,9
criminal,1
justice,1
installing,2
retail,2
acute,1
holding,5
cspm,1
psp,1
sscp,3
pmp,5
advantageous,6
gallagher,3
lenel,3
avigilon,3
hanwha,3
ciw,2
electro-mechanisms,2
glazing,2
continually,4
teach,3
bitbucket,3
multi-station,1
pick-and-place,1
touchscreen,2
inspection,20
6-axis,1
tune,3
vfds,1
smooth,1
programmed,1
multimeters,6
binary,1
intense,2
commitment,4
mission,10
world's,4
sled,1
seat,6
exteriors,4
releasing,4
launching,3
front,5
fascia,1
wheel,1
liners,1
underhood,1
underbody,1
trim,27
high-precision,1
product's,1
auto-diagnostic,1
goal,3
majority,1
voice,4
products’,1
expenses,2
complaints,2
visits,12
continual,2
visions,1
fostering,1
trust,1
makes,1
foster,4
having,3
20+,1
sres,2
assets,11
cross-team,1
cross-org,1
alignment,12
aligned,6
we're,1
individuals,3
fits,1
bigger,1
kubnernetes,2
compare,4
nth,1
improved,3
ocaps,3
adequate,2
metrology,10
accurately,4
bottoms-up,2
solver,7
drying,2
liquid,2
filling,2
vacuum,4
datacenters,2
clouds,2
fairly,2
everything,4
completely,2
described,2
managed,3
infrastructure-as-code,2
iac,2
hundred,2
bazel,3
data-layer,2
predominately,2
scala-based,2
cloudwatch,2
days,15
trying,2
continuing,4
expansion,2
finally,2
join,2
oncall,2
learner,5
cloudformation,2
thanos,2
cortex,2
sensu,2
mesos,3
ecs,2
worked,2
wider,3
he,3
she,3
appreciates,1
activity,5
potentially,1
force,7
controlled,3
ram,1
arm,3
pc-based,1
command,4
responses,1
parse,1
log,2
peripheral,2
buses,2
skill,7
pspice,1
spice,1
charging-related,3
production-ready,1
model-predict-control,1
well-designed,1
orm,1
sql-on-hadoop,1
escalations,4
just,1
considers,1
educate,2
businesses,1
converting,1
learnings,4
love,1
instincts,1
finance,4
received,3
north,5
american,5
workarounds,4
immediate,4
permanent,3
immediately,3
commander,3
night,4
rotation4,3
+2,6
conception,2
presentations,7
listed,1
‘responsibility’,1
lithium-ion,11
modifying,3
sophisticated,1
svn,6
equivalents,2
gf,1
alternative,3
gaining,1
converge,1
balanced,1
optimum,3
target,10
notable,3
achievements,2
career,3
inherent,4
perception,5
champions,2
facilitates,3
discover,4
consistency,6
collaborates,7
fastened,2
clamp,6
grip,2
liaises,2
approved,3
friction,2
values,4
non-destructive,4
slip,2
forging,2
clinching,2
plugs,2
o-rings,2
clinched,2
riveted,2
electromechanic,2
permit,2
profiles,2
damage,5
cumulative,2
rain-flow,2
miner’s,2
rule,2
archard’s,2
law,2
creep,2
xnet,2
veristand,3
serverless,1
comfort,8
noch,2
junge,2
unerfahrene,2
alternativ:,2
abgeschlossene,2
einem,2
beruf,2
weiterbildung,2
maschinenbautechniker,2
oä,2
langjährige,3
introductions,3
000-1,2
000,4
4-7,1
lte,4
umts,2
cdma,1
gsm,1
3gpp,1
5g,1
nr,1
iodt,1
callboxes,1
r&s,2
cmw,1
500,1
anritsu,1
introspection,3
guarantee,3
9999%,3
min,1
ssl,4
f5,3
nginx,4
design:,3
practically,3
higher-level,3
gcp,1
bootstrapping,1
pxe,4
cloud-init,1
forming,1
shaping,1
stainless,1
silica,1
forms,2
edging,2
tempering,1
cnc,6
autoclave,1
disassembly,1
door,2
sunroof,1
windshield,1
backlit,1
respective,1
modes:,1
electroplated,1
woods,1
updating,6
complicated,9
kvaser,2
peak-system,2
revision,5
identification,15
sub-components,1
theories,2
undergrad,1
approximately,4
5%,1
longitudinal,1
suspension,2
traction,1
software-in-the-loop,3
mts,3
crack,2
strain,7
gages,6
expansions,2
flextest,1
multipurpose,1
testware,1
mpt,1
testsuite,1
mpe,1
hbm,1
dewesoft,1
podfa,5
oes,5
treatment,5
furnaces,6
"to:
fabrication",5
"analysis
alloy",5
grain,9
morphology,9
inclusions,9
alloy,4
modified,8
obtain,7
"structure
structural",5
conformance,3
17025,3
sphinx,1
translating,1
enthusiasm,1
brand,1
occupant,3
restraint,2
mounting,4
arrangements,1
determination,1
co-ordination,2
injury,3
maintainance,1
quanitify,1
processed,1
basics,2
adhere,5
parameters;,2
direction;,2
follow-up,4
cost-savings,2
launches;,2
reviews;,3
norms,2
actives,1
acceptable,3
hand-over;,1
reach,6
categories:,1
freertos,1
grid-tie,1
inverters,4
battery-backup,1
grid-connect,1
chargers,1
fixing,2
detect,4
sharing,5
multiplexed,1
+3,1
rs485,1
influx,1
salt,1
sustainability,1
4-5,3
appliances,1
lower,1
dvp&rs,1
intellectual,1
said,1
tradeoff,1
fully-production,1
first-principle,1
transformation,1
thermo-,1
aero-dynamics,1
datasets,2
giga,1
yard,1
erp,3
eu,5
recruit,2
talents,1
stringently,1
stays,1
abreast,1
contributes,2
participates,2
conducts,1
ensures,4
develops,3
maintains,3
quarterly,1
executives,4
alternatively,3
technologies:,1
jit,1
calm,1
demeanor,1
adversity,1
toolchains,1
wallet,1
evangelist,1
added,1
automobile,4
feeding,2
j2411,2
statics,3
accountable,1
channels,2
resourcing,1
motivate,2
pmi,2
enovia,11
warp,2
polarion,2
e-mail,1
teammate,1
credit,1
lexicon,1
grows,2
queue,2
scrum,4
pass,1
fail,3
registrations,3
rca,5
non-conformities,1
nrtls,2
trade,4
associations,1
>5,1
marking,2
listings,1
1973,1
9540,1
62109,1
62040,1
62619,1
csa,1
222,1
1071,1
62933-5-1,1
62933-5-2,1
62898-3-,1
62898-3-2,1
3-3,1
2030-7,1
-8,1
csr’s,1
optics,5
evaluations,3
imatest,1
dxo,1
isp,1
cmos,1
university,4
tandem,1
rfq’s,2
receives,1
approves,1
perhaps,1
prepares,1
dates,1
tmf,1
“as,1
built”,1
techs,1
skillsets,1
included,2
abb,2
programing,2
business-minded,1
empirical,1
convey,1
transport-,1
reaction,2
pdes,1
odes,1
causing,7
fade,1
representations,1
accommodated,1
ultra-reliable,1
defect,1
previously,1
unimagined,1
focusing,1
assembled,1
exotic,1
bsee,1
sampling,1
noise,10
duplication,1
routine,2
procedure,1
manuals,2
chiller,2
humidity,3
chamber,3
refill,1
reorder,1
portable,1
due,3
finding,1
assisting,2
multimeter,2
cycler,1
circulation,1
50lbs,5
military,1
applikationen,1
abläufe,1
ausbau,1
bestehender,1
neuer,1
datenbankstrukturen,1
graphischen,1
nutzerschnittstellen,1
schulung,3
anwender,1
diplom,4
fachrichtung,1
datenbankentwicklung,1
entity,1
wpf,1
deutschkenntnisse,1
first-of-kind,1
fabricators,2
clash,1
ab,1
abrechnung,3
fördervorhaben,3
insbesondere,6
abwicklung,3
verwendungsnachweisen,3
zahlungsanforderungen,2
zwischennachweisen,2
angrenzenden,2
fachbereichen,5
fördermittelprojekten,1
auswahl,1
zuarbeit,1
entsprechende,1
antragsstellungen,1
anschließenden,2
auswertungen,1
vertrauensvolle,2
produktive,2
öffentlichen,3
behörden,3
nationalen,5
internationalen,5
absprache,1
identifizierung,3
verbesserungspotenzialen,3
fördermittelmanagements,6
entsprechenden,3
vergangenheitsdaten,3
zukunftsprognosen,3
beratung,4
förderrechtlichen,3
angelegenheiten,3
bearbeitung,3
dritt-,3
fördermittelvorhaben,3
anschließende,4
dokumente,2
hinsichtlich,9
engineerings,2
projektabwicklung,3
austauschs,2
aktuellen,3
anforderungen,3
projektentwicklungen,3
universitätsstudium,3
ingenieur-,3
naturwissenschaften,2
industrie-,3
forschungsunternehmen,3
mitarbeit,3
forschungsmanagement,3
nationaler,3
europäischer,3
förder-,3
drittfinanzierungsprojekte,3
rechtlichen,3
drittmittelförderungsmanagements,3
verwaltungsrecht,3
vwvfg,3
vergaberecht,3
vol,3
vob,3
vof,4
bundesreisekostengesetz,3
brkg,3
bundeshaushaltsordnung,3
bho,3
verwaltungsvorschriften,3
vv,3
nebenbestimmung,3
zuweisungen,3
projektförderung,3
anbest-p,3
nebenbestimmungen,3
zuwendungen,3
kostenbasis,3
nkbf,3
starkes,3
politischen,3
gesellschaftlichen,3
kontext,3
komplizierte,3
organisatorische,3
sachverhalte,3
prägnant,3
verständlich,3
darzustellen,3
sicheres,3
auftreten,3
ausgeprägtes,3
verhandlungsgeschick,3
ausdrucksweise,2
hohe,2
verhandlungssichere,3
tqs,1
guiding,1
creepage,2
clearance,2
satisfying,1
enrolled,2
knows,1
ask,1
tries,1
referrals,1
loot,1
appointment,1
·,55
workshop,9
•,40
school,7
refrigeration,5
diagnosing,3
prints,2
copper-to-copper,2
copper-to-brass,2
copper-to-steel,2
late,3
normal,3
12pm,2
9pm,2
monday,3
friday,3
mid-large,1
l2,1
l3,1
spanning-tree,1
ospf,2
bgp,2
qos,1
vlan,1
vrrp,1
lacp,1
mc-lag,1
evpn,1
vxlan,1
acl,1
nac,1
cabling,3
multi-vendor,1
arista,1
cisco,1
jncip,1
trial,2
conflict,6
frequently,1
see,1
interdependencies,2
deliverable,1
milestone,1
raise,2
bar,3
establishing,2
measuring,2
cadence,11
tactical,1
abstract,3
quickly;,1
disposition,6
consistently,1
ct,2
scans,2
retain,2
confidentiality,3
cleanliness,2
teh,1
targeted,1
extractions,1
recorded,3
teardown,1
extraction,2
extreme,1
care,2
remanufacturing,5
pcbs,6
inside,6
vault,3
modules,3
bms,2
discharging,2
electromagnetics,1
tile,2
excell,1
mixed-signal,2
soc's,1
datasheet,1
qual,1
wafer,2
probe,2
burnin,1
htol,1
offshore,3
correlating,2
excursions,4
on-going,1
vectors,1
population,1
mean,1
outliers,1
pareto,2
ate,1
equipment's,1
voltmeters,1
geographically,1
bom's,1
costing,1
test-flows,1
11491,1
design-for-test,1
6-12,1
months,4
aec,1
q100,1
sub-assemblies,3
coupled,3
mid,4
downs,2
employer,2
exploration,2
originating,3
conform,1
psychometrics,1
showcasing,3
dvp&r’s,3
involve,1
kernels;,1
libraries;,1
buffers;,1
code;,1
nice,9
benchmarking,2
competitor,3
consolidate,5
appropriately,7
flush,5
sensory,2
negotiation,3
constructive,5
suggestion,2
sign-off,4
understood,3
measurable,2
numeracy,3
literacy,5
appreciation,4
measured,5
quantified,3
representative,3
influencing,4
completing,3
cathode,1
ftt,1
staffing,1
hire,1
coach,2
hourly,1
reinforcement,2
boundaries,1
outcome,2
15,5
operations;,1
employees,2
succeed,1
trir,1
period,1
high-power,1
high-speed,7
dynos,2
revisions,6
construct,4
cables,6
solver;,1
shops,2
stocking,2
3-5+,1
modal,3
non-linear,3
random,2
principle,1
exceed,1
minimizing,1
counts,1
satisfy,3
fem,2
6,5
computers,2
cabinets,1
ssh,2
queries,7
retrieve,1
logs,5
pending,1
inquiries,2
dispatch,1
metering,2
factor,2
crm,3
case,3
bug-tracking,1
instruct,1
quiet,1
workspace,1
free,1
disruptions,1
grammatical,1
genius,1
adapting,2
voicemail,1
vim,1
end-users,4
dissection,1
lab-scale,2
mixing,4
repeatability,2
long-life,1
silicon,8
alloying,1
anode,1
gateway,3
intern,1
involves,1
arrival,1
brought,1
blocks,1
fabric,1
going,1
feedbacks,1
gets,1
tapeout,1
interconnects,1
ddr,1
microcontroller,3
modular,3
responsibility-driven,1
rooms,4
presentable,3
on-site,5
mileage,5
accumulation,5
emails,3
elucidate,2
resolving,3
namely,1
example:,1
seats,2
vibe,2
bundle,3
harshness,1
possibility,2
moisture,1
ingress,2
design-for-manufacturability,2
rc,1
quick-turn,3
design-intended,1
incl,1
subassembly,1
insertion,1
grommet,1
remove,1
upper,1
deep-dive,1
torque-to-failure,1
shielding,1
engineering:,1
corrosion-prevention,1
numbering,1
ecr’s,1
directing,1
assembling,1
hyperloop,5
college,1
aero-acoustics,1
soiling,1
brake,1
dummies,2
appear,1
potentiometers,1
loggers,1
atd,1
paperwork,1
atds,1
dummy,2
formulating,1
design-changes,1
dispositions,1
à,3
design-engineer:,1
uphold,1
supply-chain,1
wear,1
hats,2
overlap,1
scrappy,3
bench-tests,3
teardowns,4
barriers,3
scrap,4
kicking-off,1
first-responder,3
fats,3
non-conforming,5
dfmea’s,3
pfmea’s,3
euro,1
changes;,1
audits,7
75%,1
remainder,1
spent,1
united,1
states,1
hobbies,3
customizable,1
executions,1
lives,1
easier,1
talented,1
asset,6
automating,3
evangelize,1
tanks,1
vessels,3
intended,3
otherwise,3
harsh,1
code-compliant,1
asme,2
bpvc,1
astm,1
nbic,1
include:,2
compress,1
autopipe,1
vessel,1
pvelite,1
designcalcs,1
elevated,1
temperatures,1
pressures,4
illustrate,2
drafting,11
pfd’s,1
p&id’s,1
prv,1
lithium-based,2
power-integrity,1
siwave,1
powersi,1
powerdc,1
usb2,1
usb3,1
1000b-t1,1
a2b,1
link,3
fpd,1
tdr,2
ddr3,1
ddr4,1
gddr,1
skillset,1
legacy,1
gigafactories,1
spearhead,1
high-voltage,2
volt,1
high-risk,1
monitored,1
improveme,1
non-conformances,1
determining,2
suspect,1
quarantine,1
stakeholders;,1
enjoyable,1
subordinates,1
superiors,1
qs-9000,1
ts,1
16949,1
apqp,1
fishbone,1
strongly,5
manufactures,1
pragmatism,1
actually,1
cover,7
"management:
on",1
"projects
on",1
“complete,2
sew,4
process”,2
"assembly
manage",1
"issues
manage",1
fix’s,2
"
",1
"process:
release",1
"suppliers
request",1
request,8
"trials
detailed",1
"data
follow",1
"retainers
create",1
"systems
create",1
additionally,2
phantom,2
pns,2
retainers,1
"development:
proficiency",1
lectra,3
accumark,3
"systems
first",1
pattern,3
"us
ability",1
"modification
experience",1
"process
able",1
limitations,3
leather,1
cloth,1
pvc,1
carpet,1
foam,1
bilingual,1
superset,1
notice,2
flask,4
jquery,2
abuse,5
rig,1
similar;,1
physically-applied,5
hobby,5
project…,5
concurrent,6
los,1
angeles,1
unsuccessful,1
mules,1
demonstrators,1
downstream,1
regulation,3
acoustics,2
music,1
cosmetic,1
community,2
semi-automated,1
orgs,1
aide,2
conversations,2
follow-ups,2
owned,2
buy-vs-build,1
toolsets,1
osquery,2
osx,1
architecting,1
spl,1
vulnerabilities,1
x86,1
revise,1
atlassian,2
waterfall,1
never,1
3-6,1
aggregations,1
traceable,1
scheduler,1
artifactory,4
terms,3
chemical processing,1
include processes,1
dilute,2
dense,2
conveying,2
powders,1
continuum,1
hopper,1
feeder,1
segregation,1
pfds,1
p&ids,2
discrete,2
chemical or,1
first-of-a-kind,1
high-purity,1
led,2
mostly,5
practices;,2
apache,3
haproxy,1
subscribe,1
nats,1
log-structure,1
merge,1
raft,1
art-to-part,1
liaising,2
choice,1
geared,1
you’d,1
rather,1
idea,1
indulge,1
circular,1
lighting,9
feasible,3
thinker,4
lens,1
speos,1
lucidshape,1
blades,1
centric,1
oled,1
matrix,2
dmd,1
contingency,1
grid-tied,2
process:,2
compilers,2
debuggers,2
50kw+,1
1kvdc,1
480vac,1
pscad,1
rscad,1
emt,1
hardware-in,1
the-loop-system,1
warehousing,2
telephones,2
tablets,2
printers,3
hardware;,4
80000,1
m2,1
combined;,1
patch,1
sites;,1
outages;,1
associates;,1
guidelines\standards;,1
timeframes;,1
area;,1
rotations,2
emea,1
20%;,1
warehouses,1
zebra,2
desk-,1
ticket-based,2
registering,2
requests;,3
ipados,1
android;,1
2019,2
apple,2
macos;,1
equipment;,1
ecosystem;,1
configurations;,1
mecm,1
azure;,1
warehouse,7
driver's,3
multi-national,3
orientation,4
seasonal,1
30%,1
racing,1
after-sales,1
onboard,4
self-identify,1
alert,2
proceed,1
schemes,1
three-phase,1
transient,1
harmonics,1
imus,2
automatic,2
unbiased,2
truth,3
unpredictable,2
vehicular,4
autonomy,2
fruition,2
software;,3
ceres,2
mmse,2
mle,2
structure-from-motion,2
inertial,2
adjustment,3
git:,2
serving,1
vue,2
sso,1
formulations,3
~60%,1
chemistry-related,1
instruments:,1
gc,1
chromatography,1
icp,1
inductively,1
plasma,1
xrf,1
loadbalancing,1
traffic,1
seating,1
jet,2
wood,1
drilling,1
"including:
3d",1
"design
surfacing",1
generative,2
"design
managing",1
"design
processing",1
"data
bringing",1
kinematics,4
woodworking,1
egos,1
allowed,1
etl,4
sql;,1
semi-anechoic,1
emissions,1
immunity,1
coupling,2
"to:
fcc",1
18,2
22,5
27,2
cispr,2
11,2
32,2
"35
en",1
61000-3,2
-4,2
-6,2
"series
en",1
301,6
489,2
511,2
440,3
893,2
328,2
ices,2
003,2
fcc,2
35,1
software’s,1
hfss,1
cst,1
emc32,1
nexio,1
“pack”,1
sensitivities,1
sub-pack,1
fidelity,3
runaway,3
model’s,2
referenced,2
advancing,1
relentless,1
analysis;,1
npi,1
"
etc",1
"
etc
requirements",1
products:,1
"
metal",1
"bonding
direct",1
coolant,2
refrigerant,2
actuator,1
cloud-based,2
etls,1
schema,2
though,1
microgrid,3
microgrids-related,1
droop,2
blackstart,1
islanding,1
synchronization,2
sustainably,1
showcase,2
candidate's,1
hit,1
pace,2
referral,1
programsloot,1
teslacn,1
realtime,1
software-in-loop,3
hardware-in-loop,2
correctness,1
co-design,1
background;,2
behave,1
teams:,1
product’s,2
temp,1
relative,1
profession,1
demand,1
fact-based,1
confidently,1
10-20%,1
regionally,1
acoustic,4
terrestrial,1
headless,1
intelligence,5
bi,1
realistic,2
targeting,3
appetite,2
adept,5
teams’,2
preexisting,2
existed,2
presenter,2
array,4
discussing,2
constrained,4
evse,1
2202,1
2594,1
2231,1
2251,1
61851-x,1
62196-x,1
61000,1
ccs,1
chademo,1
62052,1
62053,1
c121,1
negotiating,1
tuv,1
dekra,1
intertek,1
seari,1
ktl,1
15118,1
p-can,1
alignments,3
workshops,2
geospatial,1
temporal,1
kpi’s,1
supervised,2
unsupervised,2
github,3
blog,2
posts,2
software-controller,2
electrical-mechanical,2
cross-discipline,2
spectacular,2
detailed-level,1
calculations;,1
validity,2
stack-up,1
fine-tune,1
pogo-pins,2
hydraulics,1
etching,1
hydroforming,1
transitioning,1
portfolio,5
mytesla,1
smp,1
cmt,1
coreservice,1
:,2
my,1
formulas,1
bmc,3
remedy,3
li-on,2
testing;,2
preparing,1
pipe,1
mid-level,1
spool,1
instruction,1
surveys,1
plants,2
piping,3
fabricator,1
cadmep,1
rectification,1
empowered,1
jigs,1
servicing,1
substituted,1
diploma,3
certificate,5
formal,3
soft,4
exec,1
baselines,1
step,1
under-resourced,1
cn,2
coordinator,1
writer,1
play,1
instrumental,1
forward-looking,1
investments,1
geography,1
summary,2
receipt,1
liaise,1
inefficiencies,1
-continuous,1
improvement-,1
payable,1
moderately,1
thoughtfulness,1
empathy,1
rcca,2
slate,2
mandatory;,2
default-based,2
hq;,2
discuss,3
black-belt,2
fpc,2
signals,1
parallelization,1
hardware-based,1
systematic,2
performances,2
cv,2
microscope,2
logger,2
voltmeter,2
proceedings,2
papers,2
broaden,2
enhancements,6
dassault,3
systemes,2
3dexperience,9
enrollment,5
delmia,3
simulia,3
mql,1
objects,1
jpos,1
tcl,1
pro,2
numerous,1
copper,4
fiber,1
couple,3
predilection,2
resolutions,3
autodesk,2
ekl,2
powershell,2
evaluated,1
cohesively,1
acceleration,1
metric,1
makefiles,1
lxc,1
vagrant,1
rancher,1
compressor,2
heater,1
ended,1
ex:,1
powerpc,1
brushed,1
brushless,1
stepper,1
characterizing,1
vb,1
cross-,2
lenses,1
behind,1
rigs,1
apart,1
items:,1
saws,1
grinders,1
hazards,4
precautionary,1
spinning,1
multi-meter,1
meg-ohm,1
gear,5
trains,1
co-participate,1
alarm,2
surveillance,2
switchgears,2
main,2
main-,1
sub-distribution,1
interlock,1
dimensioning,4
busbar,1
trays,2
ladders,1
positioning,1
termination,1
optimally,1
helps,1
“senses”,1
accuracy;,1
achieved,1
nfc,1
enables,1
anytime,1
anywhere,1
e,1
stress-strain,1
located,1
hoses,1
valves,1
comprised,1
well-documented,2
communicated,2
arrive,2
internships,6
co-ops,2
clubs,2
thermocouples,2
rack-mounted,1
infrastructure’s,1
uniformity,1
housings,1
considerations,2
fdm,1
dmls,1
multi,2
jut,1
seek,2
interim,3
onboarding,3
vlans,4
alertmanager,3
jaeger,3
gitlab,3
swe,3
storing,3
retrieving,3
foreman,3
vsphere,3
turbulent,1
laminar,1
attached,1
separated,1
vortex,1
strengths,1
weaknesses,1
surfaces,1
rans,1
les,1
cht,1
derivatives,1
physics-based,1
1d,2
radiators,1
condensers,1
physiology,1
psychrometrics,1
gateways,1
mimecast,1
proofpoint,1
spf,1
dkim,1
dmarc,1
udp,2
icmp,1
smtp,1
generalized,1
whatever,2
resilient,1
move,1
auto,1
domain-related,1
production-quality,1
mpp,1
redshift,1
pyspark,1
backlog,1
reuse,1
thereby,1
adoption,1
pairs,1
shadow,1
templating,1
eye,1
loose,1
tips,1
tricks,1
contexts,1
ride,1
messages,2
port,2
manages,1
assists,1
owns,2
delegates,1
team:,2
exercises,1
excited,2
conclusion,1
progressing,1
scout,1
vary,1
placing,1
parasitic,1
voltages,1
1500v,1
classes,1
variants,1
printed,1
fine,2
pitch,1
ball,1
hole,1
ipc,3
upload,1
widths,1
weights,1
considering,3
frequencies,2
6ghz,1
80ghz,1
creates,4
doc,1
windchill,1
2ds,1
containing,1
beat,1
tesla-manufactured,2
forces,1
technician-level,1
inventories,1
replacements,2
defective,1
installers,1
returns,1
powerwalls,1
stocks,1
hold,1
supersession,2
like-for-like,1
broader,1
implications,1
consisting,2
introducing,2
cash,1
shown,1
bottom,1
ruthlessly,3
org,2
bridging,2
journey,2
cancellation,1
480v,1
blueprints,1
10am,1
8pm,1
ideation,1
archive,2
programme,1
indices,1
chance,1
bad,1
leaking,1
ui's,1
governmental,1
supplied,1
pedigrees,1
workable,1
homegrown,1
dotnet,1
tiers,1
lang,1
80,1
promoting,1
utmost,1
importance,1
education:,1
containerized,1
accounting,1
ssis,1
ssrs,1
ssas,1
multidimensional,1
tabular,1
strict,1
sox,1
sponsors,1
newly,3
360-degree,1
fashion,2
walkthroughs,2
solutions;,1
sdlc,2
99999%,1
crl,2
ocsp,2
adcs,3
2016,2
relation,1
"availability
understanding",1
patches,1
adversely,1
consultations,1
end-user,1
drp,1
impairment,1
augment,3
pki,4
programmatically,1
disziplinarische,3
konstruktionsgruppe,2
kurz-,2
langfristiger,2
ressourcen-,2
terminplanung,2
unterweisung,3
regelmäßigen,2
mitarbeiter-,2
beurteilungsgesprächen,2
projektleitung,2
konstruktionsleitung,2
verantwortlich,8
mittleren,2
größeren,2
anlagen-,2
zeitfunktions-diagramme,2
gemeinsam,2
gefährdungsanalysen,2
daraus,2
resultierende,2
mehrjährige,3
entwicklungs-,2
konstruktionsteams,2
motivations-,2
delegationsfähigkeit,2
zielorientierter,2
kooperativer,2
führungsstil,2
recording,1
verifying,1
transporting,1
cleanups,1
7-10,1
countermeasure,2
microscopic,1
sectioning,3
thermography,2
flir,1
probing,1
regards,1
interesting,1
agencies,1
ncap,1
vms,1
dba,1
aerodynamicists’,1
on-vehicle,1
makers,1
post-graduate,1
aeronautical,1
vpm,1
mindful,1
important,3
strictly,2
assign,1
courteous,2
responded,1
iii,3
wherever,1
ticket,2
counterparts,3
pl-sql,1
edi,1
reaching,1
high-current,1
independence,1
polite,1
console,2
trims,1
buttons,1
switches,1
lvdts,1
fabrics,1
clips,1
journeys,2
demos,1
conceive,1
sketch,1
data-heavy,1
business-centric,1
user-experience,1
user-centered,2
ucd,2
slipping,1
elegant,1
innovation—research,1
mobile-first,1
html5,1
end-user’s,1
heuristic,1
receiving,2
criticism,1
actuation,1
establishment,2
summaries,1
rfq,1
initiation,2
quotations,1
accepted,2
until,1
development:,1
misra-c,1
uds,2
uml,1
solar+storage,2
turnkey,2
government,2
<250kw,1
prep,2
rfi,2
ahj,2
o&m,1
iterating,2
pre-contract,2
estimator,2
succinctly,2
autonomously,2
pvsyst,2
helioscope,2
civil,2
cell-related,1
pcrs,1
cogent,1
intelligible,1
skills;,1
sort,1
25,1
cam,2
spectrometry,1
spans,1
aka,2
withlarge,1
asq,2
certified,2
manner;,1
challenges;,1
running;,1
service;,1
support;,1
executes,1
monitors,1
completes,1
platforms;,1
system;,1
because,2
zones,3
asp,1
mvc,1
electro-magnetic,2
conductor,1
litz,1
foil,1
maxwell,1
variances,1
dcdc,2
acdc,1
"role:
you",1
"to
provide",1
"activities
responsibilities:
characterize",1
"testing
must",1
"equipment
necessary",1
"equipment
objectively",1
"development
activities",1
"value
add",1
"recommendations
management",1
"and
serviced",1
"procedures
maintain",1
"and
procedures;",1
"regulations
provide",1
"issues
identified",1
"process
can",1
"analysis
ability",1
"results
support",1
"equipment
requirements:
advanced",1
"considered
problem",1
"statistics
experience",1
"labs
experience",1
"and
promote",1
"team
must",1
"meet
deadlines",1
"independently
knowledge",1
offering,2
adjacent,1
trainings,1
encountered,1
interfaces:,2
relay,2
languages:,3
besides,2
tolerances,2
tour,1
dropped,1
crush,1
unprovoked,1
pooled,1
conductive,1
replicating,2
room-level,1
sprinkler,1
possibly,1
meter,1
captured,1
abnormality,1
begin,1
recurrence,1
finshed,1
expedite,2
accessing,1
fleet-wide,2
classroom,1
planning:,1
offsite,1
overseeing,1
faithful,1
editing,1
higher-quality,1
combustion,1
2-10,1
mentally,1
variable,1
10-50%,1
gearboxes,2
vibrations,1
sinking,1
wrenching,2
chasing,1
eagle,2
generator,1
counters,1
python;,2
qtr,1
deepen,1
corporations,2
countries,2
cissp,2
ccde,2
ccie*,2
ccnp*,2
lubrication,1
tolerancing,1
cockpit,1
equip,1
tagging,1
relocation,1
eprocurement,1
mapping,2
mutual,1
easy-to-read,1
auxiliary,1
frame,1
riveters,1
welders,1
booths,1
stressful,1
last,1
minute,1
pinpoint,1
french,1
result-oriented,1
feasibility;,1
architecture;,1
weight;,1
cost;,1
datum,1
attachments,1
sub,1
program;,1
manufacturing;,1
events;,1
instead,1
substitute,1
premium,1
telephony,2
advancements,1
itu-t,1
etsi,1
communications:,1
p800,1
p835,1
g160,1
head,1
acqua,1
simulators,1
cmu,1
200,1
pitfalls,1
hear,1
localize,1
perpetual,1
perfection,1
squash,1
passenger,1
guis,1
makefile,1
off-board,1
laws,1
registers,1
submit,2
authorities,1
legislative,1
sustain,1
discipline;,1
weee,1
directive,4
rohs,1
ii,1
recycling,1
hong,1
kong,1
convention,1
dcac,1
failed,1
signatures,1
dock,1
manpower,2
adjustments,1
densification,1
segment,1
variant,1
cards,1
2015,1
referencing,1
critiquing,1
instilling,1
oop,1
excellence;,1
diagram,1
unlock,1
places,1
addressing,1
bills,1
arrays,1
preferred:,5
qualified,1
disciplin,1
visvsa,1
3dcs,1
y145-2009,1
gauge,1
checking,1
powertrains,2
ide,1
ready,1
progressively,1
increased,1
conversant,1
funktionale,1
zugeordneten,1
systematische,2
fördermittelmanagementprozesses,2
cip,2
eigenständige,1
vertrauensvollen,1
produktiven,1
beziehung,1
regelmäßige,1
kontaktpflege,1
ergebnisverantwortliche,1
kommunikationen,1
einschlägigen,1
deutschen,1
initiativen,1
europäischen,1
forschungsförderung,1
kontinuierlicher,1
austausch,1
naturwissenschaften;,1
alternativ,1
3-5-axis,1
mills,1
matsuura,1
dmg,1
mori,1
haas,1
crucial,1
axis,1
speeds,3
feeds,2
g,1
m,1
mastercam,1
titanium,1
brass,1
sst,1
303,1
304,1
316,1
416,1
1018,1
mill-turn,1
esprit,1
format,3
informatica,2
vertica,2
agreed,1
well-engineered,1
derive,1
gathers,1
semi-structured,1
unstructured,1
customized,1
mappings,1
torch-equipment,1
torch-equipment-related,1
bulletins,1
cradle,1
grave,1
dmaic,1
overtime,1
describe,1
machine-readable,1
pain,1
harnessing,1
process;,1
haskell,1
fixed,1
communicative,1
european,1
economy,1
hass,1
ess,1
electro-mechnical,1
deal,1
alpha,1
beta,1
theoretical,1
artificial,1
markov,1
nonlinear,1
prompt,1
approaching,1
approvers,1
handlers,1
teams;,1
mtt,1
pick-up,1
archived,1
shelf,1
consumables,1
re-order,1
processes:,1
ion-exchange,2
ro,2
membrane,1
electrolysis,2
processing:,1
sintering,2
calcination,1
characterization:,2
ph,2
conductivity,2
acid-base,1
titration,2
icp-oes,2
set-ups,1
conduction,1
forced,1
natural,1
convection,1
physically,1
reasonable,1
o-scopes,1
dmm’s,1
atrium,1
scheme,1
utility-scale,1
cybersecurity,1
counterparties,1
estimate,2
multi-layer,1
requirements:,1
dmz,1
jump,1
proxy,1
paralleling,1
sources:,1
var,1
dnp3,1
61850,1
60870,1
rtac,1
wonderware,1
redundant,1
eliminate,1
caiso,1
ercot,1
nyiso,1
heco,1
multiplexing,1
pieces,1
robotically,1
loaded,1
"analysis
analytical
modeling
simulation",1
"validation
benchtop",1
"level
data",1
"dynamics
undergraduate",1
students:,2
"experience
graduate",1
smaller,1
acquisitive,1
conscious,1
flammable,1
ecad,3
librarian,2
xc,1
integrator,1
visualize,1
escalations:,1
reoccurrence,1
updates:,1
light-commercial,1
travelling,1
reinforce,1
molten,1
movements,1
peripherals,1
cast,5
melt,1
alloys,1
dosing,1
positions,1
oee,1
runner,1
emergent,1
cold,1
porosity,1
sticking,1
melting,1
furnace,2
extractor,1
sprayer,1
molds,1
dies,1
root-causes,1
distributes,1
defines,3
captures,1
flow-charts,1
doors,1
effect,1
grid-connected,2
ad,1
hoc,1
hfds,1
level;,1
footprints,2
board;,1
design-to-manufacturing,1
communication:,1
effectiveness:,1
indicated,1
vendors;,1
customize,1
support:,1
cid,1
trouble-shooting,1
edm,1
allegro,1
166,1
172,1
de-hdl,1
methodical,1
ok2tool,1
highlighting,1
cm,1
ex,1
ecos,1
fsae,1
netconf,1
tensors,1
neutral,1
errors,1
stp,1
web-oriented,1
twitter,1
bootstrap,1
juggle,1
junos,1
jncia,1
jncis,1
jncie,1
ccie,1
sd-wan,1
sdn,1
nfv,1
moves,1
rollup,1
administrative,1
expediting,1
purchases,1
payment,1
capex,1
opex,1
fields:,1
startups,1
documentation:,1
checklists,1
software:,1
among,1
borne,2
airborne,1
rank,1
vibroacoustic,2
microphones,1
shaft,1
encoders,1
tape,1
cepstrum,1
torsional,1
intensity,1
tonal,1
hearing,2
tonality,1
prominence,1
ratio,1
psychoacoustics,1
mainly,1
predictable,1
informal,1
terminology,1
lifecycles,1
full-development,1
service-based,1
frames,1
korea,1
2013,1
korean,1
soon,1
deviation,1
[sk1],1
uncovering,1
roadblocks,1
paths,1
locations;,1
percentage,1
dvp,1
maneuvering,1
angle,1
0,1
timeframe,1
pivot,1
empathetic,1
unblock,1
security-specific,1
adaptors,1
gatewaying,1
ota,1
accelerating,1
co-designing,1
nature,1
protobuf,1
done,1
helpdesk,1
coaching,1
motivating,1
center-like,1
upgrading,1
configuring,1
stake-holders,1
effort,1
focus;,1
ever-changing,1
>250kw,1
constructibility,1
fractography,1
kollegen,1
rücksprache,1
pydata,1
